candidate_path,candidate_type,exists,action,source_failed_path
M:\04_ArchivMA\Hillen Maximilian\Veröffentlichungen\UEU\processed_bds_in_DENI03403000SEC5658\combined_cluster_sfh_k01_mfh_k01\centralized\res_cen_t50_cmin_co2_1.pkl,failed,True,would_delete,M:\04_ArchivMA\Hillen Maximilian\Veröffentlichungen\UEU\processed_bds_in_DENI03403000SEC5658\combined_cluster_sfh_k01_mfh_k01\centralized\res_cen_t50_cmin_co2_1.pkl
M:\04_ArchivMA\Hillen Maximilian\Veröffentlichungen\UEU\processed_bds_in_DENI03403000SEC5658\combined_cluster_sfh_k01_mfh_k01\centralized\res_cen_t50_cmin_simple_co2_1.pkl,counterpart,True,would_delete,M:\04_ArchivMA\Hillen Maximilian\Veröffentlichungen\UEU\processed_bds_in_DENI03403000SEC5658\combined_cluster_sfh_k01_mfh_k01\centralized\res_cen_t50_cmin_co2_1.pkl
M:\04_ArchivMA\Hillen Maximilian\Veröffentlichungen\UEU\processed_bds_in_DENI03403000SEC5658\combined_cluster_sfh_k01_mfh_k01\centralized\res_cen_t80_cmin_co2_095.pkl,failed,True,would_delete,M:\04_ArchivMA\Hillen Maximilian\Veröffentlichungen\UEU\processed_bds_in_DENI03403000SEC5658\combined_cluster_sfh_k01_mfh_k01\centralized\res_cen_t80_cmin_co2_095.pkl
M:\04_ArchivMA\Hillen Maximilian\Veröffentlichungen\UEU\processed_bds_in_DENI03403000SEC5658\combined_cluster_sfh_k01_mfh_k01\centralized\res_cen_t80_cmin_simple_co2_095.pkl,counterpart,False,missing,M:\04_ArchivMA\Hillen Maximilian\Veröffentlichungen\UEU\processed_bds_in_DENI03403000SEC5658\combined_cluster_sfh_k01_mfh_k01\centralized\res_cen_t80_cmin_co2_095.pkl
M:\04_ArchivMA\Hillen Maximilian\Veröffentlichungen\UEU\processed_bds_in_DENI03403000SEC5658\combined_cluster_sfh_k01_mfh_k02\centralized\res_cen_t50_cmin_co2_1.pkl,failed,True,would_delete,M:\04_ArchivMA\Hillen Maximilian\Veröffentlichungen\UEU\processed_bds_in_DENI03403000SEC5658\combined_cluster_sfh_k01_mfh_k02\centralized\res_cen_t50_cmin_co2_1.pkl
M:\04_ArchivMA\Hillen Maximilian\Veröffentlichungen\UEU\processed_bds_in_DENI03403000SEC5658\combined_cluster_sfh_k01_mfh_k02\centralized\res_cen_t50_cmin_simple_co2_1.pkl,counterpart,True,would_delete,M:\04_ArchivMA\Hillen Maximilian\Veröffentlichungen\UEU\processed_bds_in_DENI03403000SEC5658\combined_cluster_sfh_k01_mfh_k02\centralized\res_cen_t50_cmin_co2_1.pkl
M:\04_ArchivMA\Hillen Maximilian\Veröffentlichungen\UEU\processed_bds_in_DENI03403000SEC5658\combined_cluster_sfh_k01_mfh_k02\centralized\res_cen_t80_cmin_co2_095.pkl,failed,True,would_delete,M:\04_ArchivMA\Hillen Maximilian\Veröffentlichungen\UEU\processed_bds_in_DENI03403000SEC5658\combined_cluster_sfh_k01_mfh_k02\centralized\res_cen_t80_cmin_co2_095.pkl
M:\04_ArchivMA\Hillen Maximilian\Veröffentlichungen\UEU\processed_bds_in_DENI03403000SEC5658\combined_cluster_sfh_k01_mfh_k02\centralized\res_cen_t80_cmin_simple_co2_095.pkl,counterpart,True,would_delete,M:\04_ArchivMA\Hillen Maximilian\Veröffentlichungen\UEU\processed_bds_in_DENI03403000SEC5658\combined_cluster_sfh_k01_mfh_k02\centralized\res_cen_t80_cmin_co2_095.pkl
M:\04_ArchivMA\Hillen Maximilian\Veröffentlichungen\UEU\processed_bds_in_DENI03403000SEC5658\combined_cluster_sfh_k01_mfh_k03\centralized\res_cen_t50_cmin_co2_1.pkl,failed,True,would_delete,M:\04_ArchivMA\Hillen Maximilian\Veröffentlichungen\UEU\processed_bds_in_DENI03403000SEC5658\combined_cluster_sfh_k01_mfh_k03\centralized\res_cen_t50_cmin_co2_1.pkl
M:\04_ArchivMA\Hillen Maximilian\Veröffentlichungen\UEU\processed_bds_in_DENI03403000SEC5658\combined_cluster_sfh_k01_mfh_k03\centralized\res_cen_t50_cmin_simple_co2_1.pkl,counterpart,True,would_delete,M:\04_ArchivMA\Hillen Maximilian\Veröffentlichungen\UEU\processed_bds_in_DENI03403000SEC5658\combined_cluster_sfh_k01_mfh_k03\centralized\res_cen_t50_cmin_co2_1.pkl
M:\04_ArchivMA\Hillen Maximilian\Veröffentlichungen\UEU\processed_bds_in_DENI03403000SEC5658\combined_cluster_sfh_k01_mfh_k03\centralized\res_cen_t80_cmin_co2_095.pkl,failed,True,would_delete,M:\04_ArchivMA\Hillen Maximilian\Veröffentlichungen\UEU\processed_bds_in_DENI03403000SEC5658\combined_cluster_sfh_k01_mfh_k03\centralized\res_cen_t80_cmin_co2_095.pkl
M:\04_ArchivMA\Hillen Maximilian\Veröffentlichungen\UEU\processed_bds_in_DENI03403000SEC5658\combined_cluster_sfh_k01_mfh_k03\centralized\res_cen_t80_cmin_simple_co2_095.pkl,counterpart,True,would_delete,M:\04_ArchivMA\Hillen Maximilian\Veröffentlichungen\UEU\processed_bds_in_DENI03403000SEC5658\combined_cluster_sfh_k01_mfh_k03\centralized\res_cen_t80_cmin_co2_095.pkl
M:\04_ArchivMA\Hillen Maximilian\Veröffentlichungen\UEU\processed_bds_in_DENI03403000SEC5658\combined_cluster_sfh_k01_mfh_k04\centralized\res_cen_t50_cmin_co2_1.pkl,failed,True,would_delete,M:\04_ArchivMA\Hillen Maximilian\Veröffentlichungen\UEU\processed_bds_in_DENI03403000SEC5658\combined_cluster_sfh_k01_mfh_k04\centralized\res_cen_t50_cmin_co2_1.pkl
M:\04_ArchivMA\Hillen Maximilian\Veröffentlichungen\UEU\processed_bds_in_DENI03403000SEC5658\combined_cluster_sfh_k01_mfh_k04\centralized\res_cen_t50_cmin_simple_co2_1.pkl,counterpart,True,would_delete,M:\04_ArchivMA\Hillen Maximilian\Veröffentlichungen\UEU\processed_bds_in_DENI03403000SEC5658\combined_cluster_sfh_k01_mfh_k04\centralized\res_cen_t50_cmin_co2_1.pkl
M:\04_ArchivMA\Hillen Maximilian\Veröffentlichungen\UEU\processed_bds_in_DENI03403000SEC5658\combined_cluster_sfh_k01_mfh_k04\centralized\res_cen_t80_cmin_co2_095.pkl,failed,True,would_delete,M:\04_ArchivMA\Hillen Maximilian\Veröffentlichungen\UEU\processed_bds_in_DENI03403000SEC5658\combined_cluster_sfh_k01_mfh_k04\centralized\res_cen_t80_cmin_co2_095.pkl
M:\04_ArchivMA\Hillen Maximilian\Veröffentlichungen\UEU\processed_bds_in_DENI03403000SEC5658\combined_cluster_sfh_k01_mfh_k04\centralized\res_cen_t80_cmin_simple_co2_095.pkl,counterpart,False,missing,M:\04_ArchivMA\Hillen Maximilian\Veröffentlichungen\UEU\processed_bds_in_DENI03403000SEC5658\combined_cluster_sfh_k01_mfh_k04\centralized\res_cen_t80_cmin_co2_095.pkl
M:\04_ArchivMA\Hillen Maximilian\Veröffentlichungen\UEU\processed_bds_in_DENI03403000SEC5658\combined_cluster_sfh_k01_mfh_k05\centralized\res_cen_t50_cmin_co2_1.pkl,failed,True,would_delete,M:\04_ArchivMA\Hillen Maximilian\Veröffentlichungen\UEU\processed_bds_in_DENI03403000SEC5658\combined_cluster_sfh_k01_mfh_k05\centralized\res_cen_t50_cmin_co2_1.pkl
M:\04_ArchivMA\Hillen Maximilian\Veröffentlichungen\UEU\processed_bds_in_DENI03403000SEC5658\combined_cluster_sfh_k01_mfh_k05\centralized\res_cen_t50_cmin_simple_co2_1.pkl,counterpart,True,would_delete,M:\04_ArchivMA\Hillen Maximilian\Veröffentlichungen\UEU\processed_bds_in_DENI03403000SEC5658\combined_cluster_sfh_k01_mfh_k05\centralized\res_cen_t50_cmin_co2_1.pkl
M:\04_ArchivMA\Hillen Maximilian\Veröffentlichungen\UEU\processed_bds_in_DENI03403000SEC5658\combined_cluster_sfh_k01_mfh_k05\centralized\res_cen_t80_cmin_co2_095.pkl,failed,True,would_delete,M:\04_ArchivMA\Hillen Maximilian\Veröffentlichungen\UEU\processed_bds_in_DENI03403000SEC5658\combined_cluster_sfh_k01_mfh_k05\centralized\res_cen_t80_cmin_co2_095.pkl
M:\04_ArchivMA\Hillen Maximilian\Veröffentlichungen\UEU\processed_bds_in_DENI03403000SEC5658\combined_cluster_sfh_k01_mfh_k05\centralized\res_cen_t80_cmin_simple_co2_095.pkl,counterpart,False,missing,M:\04_ArchivMA\Hillen Maximilian\Veröffentlichungen\UEU\processed_bds_in_DENI03403000SEC5658\combined_cluster_sfh_k01_mfh_k05\centralized\res_cen_t80_cmin_co2_095.pkl
M:\04_ArchivMA\Hillen Maximilian\Veröffentlichungen\UEU\processed_bds_in_DENI03403000SEC5658\combined_cluster_sfh_k01_mfh_k06\centralized\res_cen_t50_cmin_co2_1.pkl,failed,True,would_delete,M:\04_ArchivMA\Hillen Maximilian\Veröffentlichungen\UEU\processed_bds_in_DENI03403000SEC5658\combined_cluster_sfh_k01_mfh_k06\centralized\res_cen_t50_cmin_co2_1.pkl
M:\04_ArchivMA\Hillen Maximilian\Veröffentlichungen\UEU\processed_bds_in_DENI03403000SEC5658\combined_cluster_sfh_k01_mfh_k06\centralized\res_cen_t50_cmin_simple_co2_1.pkl,counterpart,True,would_delete,M:\04_ArchivMA\Hillen Maximilian\Veröffentlichungen\UEU\processed_bds_in_DENI03403000SEC5658\combined_cluster_sfh_k01_mfh_k06\centralized\res_cen_t50_cmin_co2_1.pkl
M:\04_ArchivMA\Hillen Maximilian\Veröffentlichungen\UEU\processed_bds_in_DENI03403000SEC5658\combined_cluster_sfh_k01_mfh_k06\centralized\res_cen_t80_cmin_co2_095.pkl,failed,True,would_delete,M:\04_ArchivMA\Hillen Maximilian\Veröffentlichungen\UEU\processed_bds_in_DENI03403000SEC5658\combined_cluster_sfh_k01_mfh_k06\centralized\res_cen_t80_cmin_co2_095.pkl
M:\04_ArchivMA\Hillen Maximilian\Veröffentlichungen\UEU\processed_bds_in_DENI03403000SEC5658\combined_cluster_sfh_k01_mfh_k06\centralized\res_cen_t80_cmin_simple_co2_095.pkl,counterpart,False,missing,M:\04_ArchivMA\Hillen Maximilian\Veröffentlichungen\UEU\processed_bds_in_DENI03403000SEC5658\combined_cluster_sfh_k01_mfh_k06\centralized\res_cen_t80_cmin_co2_095.pkl
M:\04_ArchivMA\Hillen Maximilian\Veröffentlichungen\UEU\processed_bds_in_DENI03403000SEC5658\combined_cluster_sfh_k01_mfh_reference\centralized\res_cen_t50_cmin_co2_08.pkl,failed,True,would_delete,M:\04_ArchivMA\Hillen Maximilian\Veröffentlichungen\UEU\processed_bds_in_DENI03403000SEC5658\combined_cluster_sfh_k01_mfh_reference\centralized\res_cen_t50_cmin_co2_08.pkl
M:\04_ArchivMA\Hillen Maximilian\Veröffentlichungen\UEU\processed_bds_in_DENI03403000SEC5658\combined_cluster_sfh_k01_mfh_reference\centralized\res_cen_t50_cmin_co2_1.pkl,failed,True,would_delete,M:\04_ArchivMA\Hillen Maximilian\Veröffentlichungen\UEU\processed_bds_in_DENI03403000SEC5658\combined_cluster_sfh_k01_mfh_reference\centralized\res_cen_t50_cmin_co2_1.pkl
M:\04_ArchivMA\Hillen Maximilian\Veröffentlichungen\UEU\processed_bds_in_DENI03403000SEC5658\combined_cluster_sfh_k01_mfh_reference\centralized\res_cen_t50_cmin_simple_co2_08.pkl,counterpart,False,missing,M:\04_ArchivMA\Hillen Maximilian\Veröffentlichungen\UEU\processed_bds_in_DENI03403000SEC5658\combined_cluster_sfh_k01_mfh_reference\centralized\res_cen_t50_cmin_co2_08.pkl
M:\04_ArchivMA\Hillen Maximilian\Veröffentlichungen\UEU\processed_bds_in_DENI03403000SEC5658\combined_cluster_sfh_k01_mfh_reference\centralized\res_cen_t50_cmin_simple_co2_1.pkl,counterpart,True,would_delete,M:\04_ArchivMA\Hillen Maximilian\Veröffentlichungen\UEU\processed_bds_in_DENI03403000SEC5658\combined_cluster_sfh_k01_mfh_reference\centralized\res_cen_t50_cmin_co2_1.pkl
M:\04_ArchivMA\Hillen Maximilian\Veröffentlichungen\UEU\processed_bds_in_DENI03403000SEC5658\combined_cluster_sfh_k01_mfh_reference\centralized\res_cen_t80_cmin_co2_1.pkl,failed,True,would_delete,M:\04_ArchivMA\Hillen Maximilian\Veröffentlichungen\UEU\processed_bds_in_DENI03403000SEC5658\combined_cluster_sfh_k01_mfh_reference\centralized\res_cen_t80_cmin_co2_1.pkl
M:\04_ArchivMA\Hillen Maximilian\Veröffentlichungen\UEU\processed_bds_in_DENI03403000SEC5658\combined_cluster_sfh_k01_mfh_reference\centralized\res_cen_t80_cmin_simple_co2_1.pkl,counterpart,True,would_delete,M:\04_ArchivMA\Hillen Maximilian\Veröffentlichungen\UEU\processed_bds_in_DENI03403000SEC5658\combined_cluster_sfh_k01_mfh_reference\centralized\res_cen_t80_cmin_co2_1.pkl
M:\04_ArchivMA\Hillen Maximilian\Veröffentlichungen\UEU\processed_bds_in_DENI03403000SEC5658\combined_cluster_sfh_k02_mfh_k01\centralized\res_cen_t50_cmin_co2_095.pkl,failed,True,would_delete,M:\04_ArchivMA\Hillen Maximilian\Veröffentlichungen\UEU\processed_bds_in_DENI03403000SEC5658\combined_cluster_sfh_k02_mfh_k01\centralized\res_cen_t50_cmin_co2_095.pkl
M:\04_ArchivMA\Hillen Maximilian\Veröffentlichungen\UEU\processed_bds_in_DENI03403000SEC5658\combined_cluster_sfh_k02_mfh_k01\centralized\res_cen_t50_cmin_simple_co2_095.pkl,counterpart,False,missing,M:\04_ArchivMA\Hillen Maximilian\Veröffentlichungen\UEU\processed_bds_in_DENI03403000SEC5658\combined_cluster_sfh_k02_mfh_k01\centralized\res_cen_t50_cmin_co2_095.pkl
M:\04_ArchivMA\Hillen Maximilian\Veröffentlichungen\UEU\processed_bds_in_DENI03403000SEC5658\combined_cluster_sfh_k02_mfh_k01\centralized\res_cen_t80_cmin_co2_095.pkl,failed,True,would_delete,M:\04_ArchivMA\Hillen Maximilian\Veröffentlichungen\UEU\processed_bds_in_DENI03403000SEC5658\combined_cluster_sfh_k02_mfh_k01\centralized\res_cen_t80_cmin_co2_095.pkl
M:\04_ArchivMA\Hillen Maximilian\Veröffentlichungen\UEU\processed_bds_in_DENI03403000SEC5658\combined_cluster_sfh_k02_mfh_k01\centralized\res_cen_t80_cmin_simple_co2_095.pkl,counterpart,False,missing,M:\04_ArchivMA\Hillen Maximilian\Veröffentlichungen\UEU\processed_bds_in_DENI03403000SEC5658\combined_cluster_sfh_k02_mfh_k01\centralized\res_cen_t80_cmin_co2_095.pkl
M:\04_ArchivMA\Hillen Maximilian\Veröffentlichungen\UEU\processed_bds_in_DENI03403000SEC5658\combined_cluster_sfh_k02_mfh_k02\centralized\res_cen_t50_cmin_co2_1.pkl,failed,True,would_delete,M:\04_ArchivMA\Hillen Maximilian\Veröffentlichungen\UEU\processed_bds_in_DENI03403000SEC5658\combined_cluster_sfh_k02_mfh_k02\centralized\res_cen_t50_cmin_co2_1.pkl
M:\04_ArchivMA\Hillen Maximilian\Veröffentlichungen\UEU\processed_bds_in_DENI03403000SEC5658\combined_cluster_sfh_k02_mfh_k02\centralized\res_cen_t50_cmin_simple_co2_1.pkl,counterpart,True,would_delete,M:\04_ArchivMA\Hillen Maximilian\Veröffentlichungen\UEU\processed_bds_in_DENI03403000SEC5658\combined_cluster_sfh_k02_mfh_k02\centralized\res_cen_t50_cmin_co2_1.pkl
M:\04_ArchivMA\Hillen Maximilian\Veröffentlichungen\UEU\processed_bds_in_DENI03403000SEC5658\combined_cluster_sfh_k02_mfh_k02\centralized\res_cen_t80_cmin_co2_095.pkl,failed,True,would_delete,M:\04_ArchivMA\Hillen Maximilian\Veröffentlichungen\UEU\processed_bds_in_DENI03403000SEC5658\combined_cluster_sfh_k02_mfh_k02\centralized\res_cen_t80_cmin_co2_095.pkl
M:\04_ArchivMA\Hillen Maximilian\Veröffentlichungen\UEU\processed_bds_in_DENI03403000SEC5658\combined_cluster_sfh_k02_mfh_k02\centralized\res_cen_t80_cmin_simple_co2_095.pkl,counterpart,True,would_delete,M:\04_ArchivMA\Hillen Maximilian\Veröffentlichungen\UEU\processed_bds_in_DENI03403000SEC5658\combined_cluster_sfh_k02_mfh_k02\centralized\res_cen_t80_cmin_co2_095.pkl
M:\04_ArchivMA\Hillen Maximilian\Veröffentlichungen\UEU\processed_bds_in_DENI03403000SEC5658\combined_cluster_sfh_k02_mfh_k03\centralized\res_cen_t50_cmin_co2_1.pkl,failed,True,would_delete,M:\04_ArchivMA\Hillen Maximilian\Veröffentlichungen\UEU\processed_bds_in_DENI03403000SEC5658\combined_cluster_sfh_k02_mfh_k03\centralized\res_cen_t50_cmin_co2_1.pkl
M:\04_ArchivMA\Hillen Maximilian\Veröffentlichungen\UEU\processed_bds_in_DENI03403000SEC5658\combined_cluster_sfh_k02_mfh_k03\centralized\res_cen_t50_cmin_simple_co2_1.pkl,counterpart,True,would_delete,M:\04_ArchivMA\Hillen Maximilian\Veröffentlichungen\UEU\processed_bds_in_DENI03403000SEC5658\combined_cluster_sfh_k02_mfh_k03\centralized\res_cen_t50_cmin_co2_1.pkl
M:\04_ArchivMA\Hillen Maximilian\Veröffentlichungen\UEU\processed_bds_in_DENI03403000SEC5658\combined_cluster_sfh_k02_mfh_k03\centralized\res_cen_t80_cmin_co2_1.pkl,failed,True,would_delete,M:\04_ArchivMA\Hillen Maximilian\Veröffentlichungen\UEU\processed_bds_in_DENI03403000SEC5658\combined_cluster_sfh_k02_mfh_k03\centralized\res_cen_t80_cmin_co2_1.pkl
M:\04_ArchivMA\Hillen Maximilian\Veröffentlichungen\UEU\processed_bds_in_DENI03403000SEC5658\combined_cluster_sfh_k02_mfh_k03\centralized\res_cen_t80_cmin_simple_co2_1.pkl,counterpart,True,would_delete,M:\04_ArchivMA\Hillen Maximilian\Veröffentlichungen\UEU\processed_bds_in_DENI03403000SEC5658\combined_cluster_sfh_k02_mfh_k03\centralized\res_cen_t80_cmin_co2_1.pkl
M:\04_ArchivMA\Hillen Maximilian\Veröffentlichungen\UEU\processed_bds_in_DENI03403000SEC5658\combined_cluster_sfh_k02_mfh_k04\centralized\res_cen_t50_cmin_co2_1.pkl,failed,True,would_delete,M:\04_ArchivMA\Hillen Maximilian\Veröffentlichungen\UEU\processed_bds_in_DENI03403000SEC5658\combined_cluster_sfh_k02_mfh_k04\centralized\res_cen_t50_cmin_co2_1.pkl
M:\04_ArchivMA\Hillen Maximilian\Veröffentlichungen\UEU\processed_bds_in_DENI03403000SEC5658\combined_cluster_sfh_k02_mfh_k04\centralized\res_cen_t50_cmin_simple_co2_1.pkl,counterpart,True,would_delete,M:\04_ArchivMA\Hillen Maximilian\Veröffentlichungen\UEU\processed_bds_in_DENI03403000SEC5658\combined_cluster_sfh_k02_mfh_k04\centralized\res_cen_t50_cmin_co2_1.pkl
M:\04_ArchivMA\Hillen Maximilian\Veröffentlichungen\UEU\processed_bds_in_DENI03403000SEC5658\combined_cluster_sfh_k02_mfh_k04\centralized\res_cen_t80_cmin_co2_095.pkl,failed,True,would_delete,M:\04_ArchivMA\Hillen Maximilian\Veröffentlichungen\UEU\processed_bds_in_DENI03403000SEC5658\combined_cluster_sfh_k02_mfh_k04\centralized\res_cen_t80_cmin_co2_095.pkl
M:\04_ArchivMA\Hillen Maximilian\Veröffentlichungen\UEU\processed_bds_in_DENI03403000SEC5658\combined_cluster_sfh_k02_mfh_k04\centralized\res_cen_t80_cmin_simple_co2_095.pkl,counterpart,False,missing,M:\04_ArchivMA\Hillen Maximilian\Veröffentlichungen\UEU\processed_bds_in_DENI03403000SEC5658\combined_cluster_sfh_k02_mfh_k04\centralized\res_cen_t80_cmin_co2_095.pkl
M:\04_ArchivMA\Hillen Maximilian\Veröffentlichungen\UEU\processed_bds_in_DENI03403000SEC5658\combined_cluster_sfh_k02_mfh_k05\centralized\res_cen_t50_cmin_co2_1.pkl,failed,True,would_delete,M:\04_ArchivMA\Hillen Maximilian\Veröffentlichungen\UEU\processed_bds_in_DENI03403000SEC5658\combined_cluster_sfh_k02_mfh_k05\centralized\res_cen_t50_cmin_co2_1.pkl
M:\04_ArchivMA\Hillen Maximilian\Veröffentlichungen\UEU\processed_bds_in_DENI03403000SEC5658\combined_cluster_sfh_k02_mfh_k05\centralized\res_cen_t50_cmin_simple_co2_1.pkl,counterpart,True,would_delete,M:\04_ArchivMA\Hillen Maximilian\Veröffentlichungen\UEU\processed_bds_in_DENI03403000SEC5658\combined_cluster_sfh_k02_mfh_k05\centralized\res_cen_t50_cmin_co2_1.pkl
M:\04_ArchivMA\Hillen Maximilian\Veröffentlichungen\UEU\processed_bds_in_DENI03403000SEC5658\combined_cluster_sfh_k02_mfh_k05\centralized\res_cen_t80_cmin_co2_095.pkl,failed,True,would_delete,M:\04_ArchivMA\Hillen Maximilian\Veröffentlichungen\UEU\processed_bds_in_DENI03403000SEC5658\combined_cluster_sfh_k02_mfh_k05\centralized\res_cen_t80_cmin_co2_095.pkl
M:\04_ArchivMA\Hillen Maximilian\Veröffentlichungen\UEU\processed_bds_in_DENI03403000SEC5658\combined_cluster_sfh_k02_mfh_k05\centralized\res_cen_t80_cmin_simple_co2_095.pkl,counterpart,False,missing,M:\04_ArchivMA\Hillen Maximilian\Veröffentlichungen\UEU\processed_bds_in_DENI03403000SEC5658\combined_cluster_sfh_k02_mfh_k05\centralized\res_cen_t80_cmin_co2_095.pkl
M:\04_ArchivMA\Hillen Maximilian\Veröffentlichungen\UEU\processed_bds_in_DENI03403000SEC5658\combined_cluster_sfh_k02_mfh_k06\centralized\res_cen_t50_cmin_co2_1.pkl,failed,True,would_delete,M:\04_ArchivMA\Hillen Maximilian\Veröffentlichungen\UEU\processed_bds_in_DENI03403000SEC5658\combined_cluster_sfh_k02_mfh_k06\centralized\res_cen_t50_cmin_co2_1.pkl
M:\04_ArchivMA\Hillen Maximilian\Veröffentlichungen\UEU\processed_bds_in_DENI03403000SEC5658\combined_cluster_sfh_k02_mfh_k06\centralized\res_cen_t50_cmin_simple_co2_1.pkl,counterpart,True,would_delete,M:\04_ArchivMA\Hillen Maximilian\Veröffentlichungen\UEU\processed_bds_in_DENI03403000SEC5658\combined_cluster_sfh_k02_mfh_k06\centralized\res_cen_t50_cmin_co2_1.pkl
M:\04_ArchivMA\Hillen Maximilian\Veröffentlichungen\UEU\processed_bds_in_DENI03403000SEC5658\combined_cluster_sfh_k02_mfh_k06\centralized\res_cen_t80_cmin_co2_095.pkl,failed,True,would_delete,M:\04_ArchivMA\Hillen Maximilian\Veröffentlichungen\UEU\processed_bds_in_DENI03403000SEC5658\combined_cluster_sfh_k02_mfh_k06\centralized\res_cen_t80_cmin_co2_095.pkl
M:\04_ArchivMA\Hillen Maximilian\Veröffentlichungen\UEU\processed_bds_in_DENI03403000SEC5658\combined_cluster_sfh_k02_mfh_k06\centralized\res_cen_t80_cmin_simple_co2_095.pkl,counterpart,False,missing,M:\04_ArchivMA\Hillen Maximilian\Veröffentlichungen\UEU\processed_bds_in_DENI03403000SEC5658\combined_cluster_sfh_k02_mfh_k06\centralized\res_cen_t80_cmin_co2_095.pkl
M:\04_ArchivMA\Hillen Maximilian\Veröffentlichungen\UEU\processed_bds_in_DENI03403000SEC5658\combined_cluster_sfh_k02_mfh_reference\centralized\res_cen_t50_cmin_co2_1.pkl,failed,True,would_delete,M:\04_ArchivMA\Hillen Maximilian\Veröffentlichungen\UEU\processed_bds_in_DENI03403000SEC5658\combined_cluster_sfh_k02_mfh_reference\centralized\res_cen_t50_cmin_co2_1.pkl
M:\04_ArchivMA\Hillen Maximilian\Veröffentlichungen\UEU\processed_bds_in_DENI03403000SEC5658\combined_cluster_sfh_k02_mfh_reference\centralized\res_cen_t50_cmin_simple_co2_1.pkl,counterpart,True,would_delete,M:\04_ArchivMA\Hillen Maximilian\Veröffentlichungen\UEU\processed_bds_in_DENI03403000SEC5658\combined_cluster_sfh_k02_mfh_reference\centralized\res_cen_t50_cmin_co2_1.pkl
M:\04_ArchivMA\Hillen Maximilian\Veröffentlichungen\UEU\processed_bds_in_DENI03403000SEC5658\combined_cluster_sfh_k02_mfh_reference\centralized\res_cen_t80_cmin_co2_1.pkl,failed,True,would_delete,M:\04_ArchivMA\Hillen Maximilian\Veröffentlichungen\UEU\processed_bds_in_DENI03403000SEC5658\combined_cluster_sfh_k02_mfh_reference\centralized\res_cen_t80_cmin_co2_1.pkl
M:\04_ArchivMA\Hillen Maximilian\Veröffentlichungen\UEU\processed_bds_in_DENI03403000SEC5658\combined_cluster_sfh_k02_mfh_reference\centralized\res_cen_t80_cmin_simple_co2_1.pkl,counterpart,True,would_delete,M:\04_ArchivMA\Hillen Maximilian\Veröffentlichungen\UEU\processed_bds_in_DENI03403000SEC5658\combined_cluster_sfh_k02_mfh_reference\centralized\res_cen_t80_cmin_co2_1.pkl
M:\04_ArchivMA\Hillen Maximilian\Veröffentlichungen\UEU\processed_bds_in_DENI03403000SEC5658\combined_cluster_sfh_k04_mfh_k01\centralized\res_cen_t50_cmin_co2_1.pkl,failed,True,would_delete,M:\04_ArchivMA\Hillen Maximilian\Veröffentlichungen\UEU\processed_bds_in_DENI03403000SEC5658\combined_cluster_sfh_k04_mfh_k01\centralized\res_cen_t50_cmin_co2_1.pkl
M:\04_ArchivMA\Hillen Maximilian\Veröffentlichungen\UEU\processed_bds_in_DENI03403000SEC5658\combined_cluster_sfh_k04_mfh_k01\centralized\res_cen_t50_cmin_simple_co2_1.pkl,counterpart,True,would_delete,M:\04_ArchivMA\Hillen Maximilian\Veröffentlichungen\UEU\processed_bds_in_DENI03403000SEC5658\combined_cluster_sfh_k04_mfh_k01\centralized\res_cen_t50_cmin_co2_1.pkl
M:\04_ArchivMA\Hillen Maximilian\Veröffentlichungen\UEU\processed_bds_in_DENI03403000SEC5658\combined_cluster_sfh_k04_mfh_k01\centralized\res_cen_t80_cmin_co2_095.pkl,failed,True,would_delete,M:\04_ArchivMA\Hillen Maximilian\Veröffentlichungen\UEU\processed_bds_in_DENI03403000SEC5658\combined_cluster_sfh_k04_mfh_k01\centralized\res_cen_t80_cmin_co2_095.pkl
M:\04_ArchivMA\Hillen Maximilian\Veröffentlichungen\UEU\processed_bds_in_DENI03403000SEC5658\combined_cluster_sfh_k04_mfh_k01\centralized\res_cen_t80_cmin_simple_co2_095.pkl,counterpart,False,missing,M:\04_ArchivMA\Hillen Maximilian\Veröffentlichungen\UEU\processed_bds_in_DENI03403000SEC5658\combined_cluster_sfh_k04_mfh_k01\centralized\res_cen_t80_cmin_co2_095.pkl
M:\04_ArchivMA\Hillen Maximilian\Veröffentlichungen\UEU\processed_bds_in_DENI03403000SEC5658\combined_cluster_sfh_k04_mfh_k02\centralized\res_cen_t50_cmin_co2_1.pkl,failed,True,would_delete,M:\04_ArchivMA\Hillen Maximilian\Veröffentlichungen\UEU\processed_bds_in_DENI03403000SEC5658\combined_cluster_sfh_k04_mfh_k02\centralized\res_cen_t50_cmin_co2_1.pkl
M:\04_ArchivMA\Hillen Maximilian\Veröffentlichungen\UEU\processed_bds_in_DENI03403000SEC5658\combined_cluster_sfh_k04_mfh_k02\centralized\res_cen_t50_cmin_simple_co2_1.pkl,counterpart,True,would_delete,M:\04_ArchivMA\Hillen Maximilian\Veröffentlichungen\UEU\processed_bds_in_DENI03403000SEC5658\combined_cluster_sfh_k04_mfh_k02\centralized\res_cen_t50_cmin_co2_1.pkl
M:\04_ArchivMA\Hillen Maximilian\Veröffentlichungen\UEU\processed_bds_in_DENI03403000SEC5658\combined_cluster_sfh_k04_mfh_k02\centralized\res_cen_t80_cmin_co2_095.pkl,failed,True,would_delete,M:\04_ArchivMA\Hillen Maximilian\Veröffentlichungen\UEU\processed_bds_in_DENI03403000SEC5658\combined_cluster_sfh_k04_mfh_k02\centralized\res_cen_t80_cmin_co2_095.pkl
M:\04_ArchivMA\Hillen Maximilian\Veröffentlichungen\UEU\processed_bds_in_DENI03403000SEC5658\combined_cluster_sfh_k04_mfh_k02\centralized\res_cen_t80_cmin_simple_co2_095.pkl,counterpart,False,missing,M:\04_ArchivMA\Hillen Maximilian\Veröffentlichungen\UEU\processed_bds_in_DENI03403000SEC5658\combined_cluster_sfh_k04_mfh_k02\centralized\res_cen_t80_cmin_co2_095.pkl
M:\04_ArchivMA\Hillen Maximilian\Veröffentlichungen\UEU\processed_bds_in_DENI03403000SEC5658\combined_cluster_sfh_k04_mfh_k03\centralized\res_cen_t50_cmin_co2_1.pkl,failed,True,would_delete,M:\04_ArchivMA\Hillen Maximilian\Veröffentlichungen\UEU\processed_bds_in_DENI03403000SEC5658\combined_cluster_sfh_k04_mfh_k03\centralized\res_cen_t50_cmin_co2_1.pkl
M:\04_ArchivMA\Hillen Maximilian\Veröffentlichungen\UEU\processed_bds_in_DENI03403000SEC5658\combined_cluster_sfh_k04_mfh_k03\centralized\res_cen_t50_cmin_simple_co2_1.pkl,counterpart,True,would_delete,M:\04_ArchivMA\Hillen Maximilian\Veröffentlichungen\UEU\processed_bds_in_DENI03403000SEC5658\combined_cluster_sfh_k04_mfh_k03\centralized\res_cen_t50_cmin_co2_1.pkl
M:\04_ArchivMA\Hillen Maximilian\Veröffentlichungen\UEU\processed_bds_in_DENI03403000SEC5658\combined_cluster_sfh_k04_mfh_k03\centralized\res_cen_t80_cmin_co2_1.pkl,failed,True,would_delete,M:\04_ArchivMA\Hillen Maximilian\Veröffentlichungen\UEU\processed_bds_in_DENI03403000SEC5658\combined_cluster_sfh_k04_mfh_k03\centralized\res_cen_t80_cmin_co2_1.pkl
M:\04_ArchivMA\Hillen Maximilian\Veröffentlichungen\UEU\processed_bds_in_DENI03403000SEC5658\combined_cluster_sfh_k04_mfh_k03\centralized\res_cen_t80_cmin_simple_co2_1.pkl,counterpart,True,would_delete,M:\04_ArchivMA\Hillen Maximilian\Veröffentlichungen\UEU\processed_bds_in_DENI03403000SEC5658\combined_cluster_sfh_k04_mfh_k03\centralized\res_cen_t80_cmin_co2_1.pkl
M:\04_ArchivMA\Hillen Maximilian\Veröffentlichungen\UEU\processed_bds_in_DENI03403000SEC5658\combined_cluster_sfh_k04_mfh_k04\centralized\res_cen_t80_cmin_co2_095.pkl,failed,True,would_delete,M:\04_ArchivMA\Hillen Maximilian\Veröffentlichungen\UEU\processed_bds_in_DENI03403000SEC5658\combined_cluster_sfh_k04_mfh_k04\centralized\res_cen_t80_cmin_co2_095.pkl
M:\04_ArchivMA\Hillen Maximilian\Veröffentlichungen\UEU\processed_bds_in_DENI03403000SEC5658\combined_cluster_sfh_k04_mfh_k04\centralized\res_cen_t80_cmin_simple_co2_095.pkl,counterpart,False,missing,M:\04_ArchivMA\Hillen Maximilian\Veröffentlichungen\UEU\processed_bds_in_DENI03403000SEC5658\combined_cluster_sfh_k04_mfh_k04\centralized\res_cen_t80_cmin_co2_095.pkl
M:\04_ArchivMA\Hillen Maximilian\Veröffentlichungen\UEU\processed_bds_in_DENI03403000SEC5658\combined_cluster_sfh_k04_mfh_k05\centralized\res_cen_t80_cmin_co2_1.pkl,failed,True,would_delete,M:\04_ArchivMA\Hillen Maximilian\Veröffentlichungen\UEU\processed_bds_in_DENI03403000SEC5658\combined_cluster_sfh_k04_mfh_k05\centralized\res_cen_t80_cmin_co2_1.pkl
M:\04_ArchivMA\Hillen Maximilian\Veröffentlichungen\UEU\processed_bds_in_DENI03403000SEC5658\combined_cluster_sfh_k04_mfh_k05\centralized\res_cen_t80_cmin_simple_co2_1.pkl,counterpart,True,would_delete,M:\04_ArchivMA\Hillen Maximilian\Veröffentlichungen\UEU\processed_bds_in_DENI03403000SEC5658\combined_cluster_sfh_k04_mfh_k05\centralized\res_cen_t80_cmin_co2_1.pkl
M:\04_ArchivMA\Hillen Maximilian\Veröffentlichungen\UEU\processed_bds_in_DENI03403000SEC5658\combined_cluster_sfh_k04_mfh_k06\centralized\res_cen_t50_cmin_co2_1.pkl,failed,True,would_delete,M:\04_ArchivMA\Hillen Maximilian\Veröffentlichungen\UEU\processed_bds_in_DENI03403000SEC5658\combined_cluster_sfh_k04_mfh_k06\centralized\res_cen_t50_cmin_co2_1.pkl
M:\04_ArchivMA\Hillen Maximilian\Veröffentlichungen\UEU\processed_bds_in_DENI03403000SEC5658\combined_cluster_sfh_k04_mfh_k06\centralized\res_cen_t50_cmin_simple_co2_1.pkl,counterpart,True,would_delete,M:\04_ArchivMA\Hillen Maximilian\Veröffentlichungen\UEU\processed_bds_in_DENI03403000SEC5658\combined_cluster_sfh_k04_mfh_k06\centralized\res_cen_t50_cmin_co2_1.pkl
M:\04_ArchivMA\Hillen Maximilian\Veröffentlichungen\UEU\processed_bds_in_DENI03403000SEC5658\combined_cluster_sfh_k04_mfh_k06\centralized\res_cen_t80_cmin_co2_1.pkl,failed,True,would_delete,M:\04_ArchivMA\Hillen Maximilian\Veröffentlichungen\UEU\processed_bds_in_DENI03403000SEC5658\combined_cluster_sfh_k04_mfh_k06\centralized\res_cen_t80_cmin_co2_1.pkl
M:\04_ArchivMA\Hillen Maximilian\Veröffentlichungen\UEU\processed_bds_in_DENI03403000SEC5658\combined_cluster_sfh_k04_mfh_k06\centralized\res_cen_t80_cmin_simple_co2_1.pkl,counterpart,True,would_delete,M:\04_ArchivMA\Hillen Maximilian\Veröffentlichungen\UEU\processed_bds_in_DENI03403000SEC5658\combined_cluster_sfh_k04_mfh_k06\centralized\res_cen_t80_cmin_co2_1.pkl
M:\04_ArchivMA\Hillen Maximilian\Veröffentlichungen\UEU\processed_bds_in_DENI03403000SEC5658\combined_cluster_sfh_k04_mfh_reference\centralized\res_cen_t50_cmin_co2_1.pkl,failed,True,would_delete,M:\04_ArchivMA\Hillen Maximilian\Veröffentlichungen\UEU\processed_bds_in_DENI03403000SEC5658\combined_cluster_sfh_k04_mfh_reference\centralized\res_cen_t50_cmin_co2_1.pkl
M:\04_ArchivMA\Hillen Maximilian\Veröffentlichungen\UEU\processed_bds_in_DENI03403000SEC5658\combined_cluster_sfh_k04_mfh_reference\centralized\res_cen_t50_cmin_simple_co2_1.pkl,counterpart,True,would_delete,M:\04_ArchivMA\Hillen Maximilian\Veröffentlichungen\UEU\processed_bds_in_DENI03403000SEC5658\combined_cluster_sfh_k04_mfh_reference\centralized\res_cen_t50_cmin_co2_1.pkl
M:\04_ArchivMA\Hillen Maximilian\Veröffentlichungen\UEU\processed_bds_in_DENI03403000SEC5658\combined_cluster_sfh_k04_mfh_reference\centralized\res_cen_t80_cmin_co2_1.pkl,failed,True,would_delete,M:\04_ArchivMA\Hillen Maximilian\Veröffentlichungen\UEU\processed_bds_in_DENI03403000SEC5658\combined_cluster_sfh_k04_mfh_reference\centralized\res_cen_t80_cmin_co2_1.pkl
M:\04_ArchivMA\Hillen Maximilian\Veröffentlichungen\UEU\processed_bds_in_DENI03403000SEC5658\combined_cluster_sfh_k04_mfh_reference\centralized\res_cen_t80_cmin_simple_co2_1.pkl,counterpart,True,would_delete,M:\04_ArchivMA\Hillen Maximilian\Veröffentlichungen\UEU\processed_bds_in_DENI03403000SEC5658\combined_cluster_sfh_k04_mfh_reference\centralized\res_cen_t80_cmin_co2_1.pkl
M:\04_ArchivMA\Hillen Maximilian\Veröffentlichungen\UEU\processed_bds_in_DENI03403000SEC5658\combined_cluster_sfh_k06_mfh_k01\centralized\res_cen_t50_cmin_co2_1.pkl,failed,True,would_delete,M:\04_ArchivMA\Hillen Maximilian\Veröffentlichungen\UEU\processed_bds_in_DENI03403000SEC5658\combined_cluster_sfh_k06_mfh_k01\centralized\res_cen_t50_cmin_co2_1.pkl
M:\04_ArchivMA\Hillen Maximilian\Veröffentlichungen\UEU\processed_bds_in_DENI03403000SEC5658\combined_cluster_sfh_k06_mfh_k01\centralized\res_cen_t50_cmin_simple_co2_1.pkl,counterpart,True,would_delete,M:\04_ArchivMA\Hillen Maximilian\Veröffentlichungen\UEU\processed_bds_in_DENI03403000SEC5658\combined_cluster_sfh_k06_mfh_k01\centralized\res_cen_t50_cmin_co2_1.pkl
M:\04_ArchivMA\Hillen Maximilian\Veröffentlichungen\UEU\processed_bds_in_DENI03403000SEC5658\combined_cluster_sfh_k06_mfh_k01\centralized\res_cen_t80_cmin_co2_095.pkl,failed,True,would_delete,M:\04_ArchivMA\Hillen Maximilian\Veröffentlichungen\UEU\processed_bds_in_DENI03403000SEC5658\combined_cluster_sfh_k06_mfh_k01\centralized\res_cen_t80_cmin_co2_095.pkl
M:\04_ArchivMA\Hillen Maximilian\Veröffentlichungen\UEU\processed_bds_in_DENI03403000SEC5658\combined_cluster_sfh_k06_mfh_k01\centralized\res_cen_t80_cmin_simple_co2_095.pkl,counterpart,False,missing,M:\04_ArchivMA\Hillen Maximilian\Veröffentlichungen\UEU\processed_bds_in_DENI03403000SEC5658\combined_cluster_sfh_k06_mfh_k01\centralized\res_cen_t80_cmin_co2_095.pkl
M:\04_ArchivMA\Hillen Maximilian\Veröffentlichungen\UEU\processed_bds_in_DENI03403000SEC5658\combined_cluster_sfh_k06_mfh_k02\centralized\res_cen_t50_cmin_co2_1.pkl,failed,True,would_delete,M:\04_ArchivMA\Hillen Maximilian\Veröffentlichungen\UEU\processed_bds_in_DENI03403000SEC5658\combined_cluster_sfh_k06_mfh_k02\centralized\res_cen_t50_cmin_co2_1.pkl
M:\04_ArchivMA\Hillen Maximilian\Veröffentlichungen\UEU\processed_bds_in_DENI03403000SEC5658\combined_cluster_sfh_k06_mfh_k02\centralized\res_cen_t50_cmin_simple_co2_1.pkl,counterpart,True,would_delete,M:\04_ArchivMA\Hillen Maximilian\Veröffentlichungen\UEU\processed_bds_in_DENI03403000SEC5658\combined_cluster_sfh_k06_mfh_k02\centralized\res_cen_t50_cmin_co2_1.pkl
M:\04_ArchivMA\Hillen Maximilian\Veröffentlichungen\UEU\processed_bds_in_DENI03403000SEC5658\combined_cluster_sfh_k06_mfh_k02\centralized\res_cen_t80_cmin_co2_1.pkl,failed,True,would_delete,M:\04_ArchivMA\Hillen Maximilian\Veröffentlichungen\UEU\processed_bds_in_DENI03403000SEC5658\combined_cluster_sfh_k06_mfh_k02\centralized\res_cen_t80_cmin_co2_1.pkl
M:\04_ArchivMA\Hillen Maximilian\Veröffentlichungen\UEU\processed_bds_in_DENI03403000SEC5658\combined_cluster_sfh_k06_mfh_k02\centralized\res_cen_t80_cmin_simple_co2_1.pkl,counterpart,True,would_delete,M:\04_ArchivMA\Hillen Maximilian\Veröffentlichungen\UEU\processed_bds_in_DENI03403000SEC5658\combined_cluster_sfh_k06_mfh_k02\centralized\res_cen_t80_cmin_co2_1.pkl
M:\04_ArchivMA\Hillen Maximilian\Veröffentlichungen\UEU\processed_bds_in_DENI03403000SEC5658\combined_cluster_sfh_k06_mfh_k03\centralized\res_cen_t50_cmin_co2_1.pkl,failed,True,would_delete,M:\04_ArchivMA\Hillen Maximilian\Veröffentlichungen\UEU\processed_bds_in_DENI03403000SEC5658\combined_cluster_sfh_k06_mfh_k03\centralized\res_cen_t50_cmin_co2_1.pkl
M:\04_ArchivMA\Hillen Maximilian\Veröffentlichungen\UEU\processed_bds_in_DENI03403000SEC5658\combined_cluster_sfh_k06_mfh_k03\centralized\res_cen_t50_cmin_simple_co2_1.pkl,counterpart,True,would_delete,M:\04_ArchivMA\Hillen Maximilian\Veröffentlichungen\UEU\processed_bds_in_DENI03403000SEC5658\combined_cluster_sfh_k06_mfh_k03\centralized\res_cen_t50_cmin_co2_1.pkl
M:\04_ArchivMA\Hillen Maximilian\Veröffentlichungen\UEU\processed_bds_in_DENI03403000SEC5658\combined_cluster_sfh_k06_mfh_k03\centralized\res_cen_t80_cmin_co2_1.pkl,failed,True,would_delete,M:\04_ArchivMA\Hillen Maximilian\Veröffentlichungen\UEU\processed_bds_in_DENI03403000SEC5658\combined_cluster_sfh_k06_mfh_k03\centralized\res_cen_t80_cmin_co2_1.pkl
M:\04_ArchivMA\Hillen Maximilian\Veröffentlichungen\UEU\processed_bds_in_DENI03403000SEC5658\combined_cluster_sfh_k06_mfh_k03\centralized\res_cen_t80_cmin_simple_co2_1.pkl,counterpart,True,would_delete,M:\04_ArchivMA\Hillen Maximilian\Veröffentlichungen\UEU\processed_bds_in_DENI03403000SEC5658\combined_cluster_sfh_k06_mfh_k03\centralized\res_cen_t80_cmin_co2_1.pkl
M:\04_ArchivMA\Hillen Maximilian\Veröffentlichungen\UEU\processed_bds_in_DENI03403000SEC5658\combined_cluster_sfh_k06_mfh_k04\centralized\res_cen_t50_cmin_co2_1.pkl,failed,True,would_delete,M:\04_ArchivMA\Hillen Maximilian\Veröffentlichungen\UEU\processed_bds_in_DENI03403000SEC5658\combined_cluster_sfh_k06_mfh_k04\centralized\res_cen_t50_cmin_co2_1.pkl
M:\04_ArchivMA\Hillen Maximilian\Veröffentlichungen\UEU\processed_bds_in_DENI03403000SEC5658\combined_cluster_sfh_k06_mfh_k04\centralized\res_cen_t50_cmin_simple_co2_1.pkl,counterpart,True,would_delete,M:\04_ArchivMA\Hillen Maximilian\Veröffentlichungen\UEU\processed_bds_in_DENI03403000SEC5658\combined_cluster_sfh_k06_mfh_k04\centralized\res_cen_t50_cmin_co2_1.pkl
M:\04_ArchivMA\Hillen Maximilian\Veröffentlichungen\UEU\processed_bds_in_DENI03403000SEC5658\combined_cluster_sfh_k06_mfh_k04\centralized\res_cen_t80_cmin_co2_1.pkl,failed,True,would_delete,M:\04_ArchivMA\Hillen Maximilian\Veröffentlichungen\UEU\processed_bds_in_DENI03403000SEC5658\combined_cluster_sfh_k06_mfh_k04\centralized\res_cen_t80_cmin_co2_1.pkl
M:\04_ArchivMA\Hillen Maximilian\Veröffentlichungen\UEU\processed_bds_in_DENI03403000SEC5658\combined_cluster_sfh_k06_mfh_k04\centralized\res_cen_t80_cmin_simple_co2_1.pkl,counterpart,True,would_delete,M:\04_ArchivMA\Hillen Maximilian\Veröffentlichungen\UEU\processed_bds_in_DENI03403000SEC5658\combined_cluster_sfh_k06_mfh_k04\centralized\res_cen_t80_cmin_co2_1.pkl
M:\04_ArchivMA\Hillen Maximilian\Veröffentlichungen\UEU\processed_bds_in_DENI03403000SEC5658\combined_cluster_sfh_k06_mfh_k05\centralized\res_cen_t50_cmin_co2_1.pkl,failed,True,would_delete,M:\04_ArchivMA\Hillen Maximilian\Veröffentlichungen\UEU\processed_bds_in_DENI03403000SEC5658\combined_cluster_sfh_k06_mfh_k05\centralized\res_cen_t50_cmin_co2_1.pkl
M:\04_ArchivMA\Hillen Maximilian\Veröffentlichungen\UEU\processed_bds_in_DENI03403000SEC5658\combined_cluster_sfh_k06_mfh_k05\centralized\res_cen_t50_cmin_simple_co2_1.pkl,counterpart,True,would_delete,M:\04_ArchivMA\Hillen Maximilian\Veröffentlichungen\UEU\processed_bds_in_DENI03403000SEC5658\combined_cluster_sfh_k06_mfh_k05\centralized\res_cen_t50_cmin_co2_1.pkl
M:\04_ArchivMA\Hillen Maximilian\Veröffentlichungen\UEU\processed_bds_in_DENI03403000SEC5658\combined_cluster_sfh_k06_mfh_k06\centralized\res_cen_t50_cmin_co2_1.pkl,failed,True,would_delete,M:\04_ArchivMA\Hillen Maximilian\Veröffentlichungen\UEU\processed_bds_in_DENI03403000SEC5658\combined_cluster_sfh_k06_mfh_k06\centralized\res_cen_t50_cmin_co2_1.pkl
M:\04_ArchivMA\Hillen Maximilian\Veröffentlichungen\UEU\processed_bds_in_DENI03403000SEC5658\combined_cluster_sfh_k06_mfh_k06\centralized\res_cen_t50_cmin_simple_co2_1.pkl,counterpart,True,would_delete,M:\04_ArchivMA\Hillen Maximilian\Veröffentlichungen\UEU\processed_bds_in_DENI03403000SEC5658\combined_cluster_sfh_k06_mfh_k06\centralized\res_cen_t50_cmin_co2_1.pkl
M:\04_ArchivMA\Hillen Maximilian\Veröffentlichungen\UEU\processed_bds_in_DENI03403000SEC5658\combined_cluster_sfh_k06_mfh_k06\centralized\res_cen_t80_cmin_co2_1.pkl,failed,True,would_delete,M:\04_ArchivMA\Hillen Maximilian\Veröffentlichungen\UEU\processed_bds_in_DENI03403000SEC5658\combined_cluster_sfh_k06_mfh_k06\centralized\res_cen_t80_cmin_co2_1.pkl
M:\04_ArchivMA\Hillen Maximilian\Veröffentlichungen\UEU\processed_bds_in_DENI03403000SEC5658\combined_cluster_sfh_k06_mfh_k06\centralized\res_cen_t80_cmin_simple_co2_1.pkl,counterpart,True,would_delete,M:\04_ArchivMA\Hillen Maximilian\Veröffentlichungen\UEU\processed_bds_in_DENI03403000SEC5658\combined_cluster_sfh_k06_mfh_k06\centralized\res_cen_t80_cmin_co2_1.pkl
M:\04_ArchivMA\Hillen Maximilian\Veröffentlichungen\UEU\processed_bds_in_DENI03403000SEC5658\combined_cluster_sfh_k06_mfh_reference\centralized\res_cen_t50_cmin_co2_1.pkl,failed,True,would_delete,M:\04_ArchivMA\Hillen Maximilian\Veröffentlichungen\UEU\processed_bds_in_DENI03403000SEC5658\combined_cluster_sfh_k06_mfh_reference\centralized\res_cen_t50_cmin_co2_1.pkl
M:\04_ArchivMA\Hillen Maximilian\Veröffentlichungen\UEU\processed_bds_in_DENI03403000SEC5658\combined_cluster_sfh_k06_mfh_reference\centralized\res_cen_t50_cmin_simple_co2_1.pkl,counterpart,True,would_delete,M:\04_ArchivMA\Hillen Maximilian\Veröffentlichungen\UEU\processed_bds_in_DENI03403000SEC5658\combined_cluster_sfh_k06_mfh_reference\centralized\res_cen_t50_cmin_co2_1.pkl
M:\04_ArchivMA\Hillen Maximilian\Veröffentlichungen\UEU\processed_bds_in_DENI03403000SEC5658\combined_cluster_sfh_k06_mfh_reference\centralized\res_cen_t80_cmin_co2_1.pkl,failed,True,would_delete,M:\04_ArchivMA\Hillen Maximilian\Veröffentlichungen\UEU\processed_bds_in_DENI03403000SEC5658\combined_cluster_sfh_k06_mfh_reference\centralized\res_cen_t80_cmin_co2_1.pkl
M:\04_ArchivMA\Hillen Maximilian\Veröffentlichungen\UEU\processed_bds_in_DENI03403000SEC5658\combined_cluster_sfh_k06_mfh_reference\centralized\res_cen_t80_cmin_simple_co2_1.pkl,counterpart,True,would_delete,M:\04_ArchivMA\Hillen Maximilian\Veröffentlichungen\UEU\processed_bds_in_DENI03403000SEC5658\combined_cluster_sfh_k06_mfh_reference\centralized\res_cen_t80_cmin_co2_1.pkl
M:\04_ArchivMA\Hillen Maximilian\Veröffentlichungen\UEU\processed_bds_in_DENI03403000SEC5658\combined_cluster_sfh_k08_mfh_k01\centralized\res_cen_t50_cmin_co2_1.pkl,failed,True,would_delete,M:\04_ArchivMA\Hillen Maximilian\Veröffentlichungen\UEU\processed_bds_in_DENI03403000SEC5658\combined_cluster_sfh_k08_mfh_k01\centralized\res_cen_t50_cmin_co2_1.pkl
M:\04_ArchivMA\Hillen Maximilian\Veröffentlichungen\UEU\processed_bds_in_DENI03403000SEC5658\combined_cluster_sfh_k08_mfh_k01\centralized\res_cen_t50_cmin_simple_co2_1.pkl,counterpart,True,would_delete,M:\04_ArchivMA\Hillen Maximilian\Veröffentlichungen\UEU\processed_bds_in_DENI03403000SEC5658\combined_cluster_sfh_k08_mfh_k01\centralized\res_cen_t50_cmin_co2_1.pkl
M:\04_ArchivMA\Hillen Maximilian\Veröffentlichungen\UEU\processed_bds_in_DENI03403000SEC5658\combined_cluster_sfh_k08_mfh_k01\centralized\res_cen_t80_cmin_co2_1.pkl,failed,True,would_delete,M:\04_ArchivMA\Hillen Maximilian\Veröffentlichungen\UEU\processed_bds_in_DENI03403000SEC5658\combined_cluster_sfh_k08_mfh_k01\centralized\res_cen_t80_cmin_co2_1.pkl
M:\04_ArchivMA\Hillen Maximilian\Veröffentlichungen\UEU\processed_bds_in_DENI03403000SEC5658\combined_cluster_sfh_k08_mfh_k01\centralized\res_cen_t80_cmin_simple_co2_1.pkl,counterpart,True,would_delete,M:\04_ArchivMA\Hillen Maximilian\Veröffentlichungen\UEU\processed_bds_in_DENI03403000SEC5658\combined_cluster_sfh_k08_mfh_k01\centralized\res_cen_t80_cmin_co2_1.pkl
M:\04_ArchivMA\Hillen Maximilian\Veröffentlichungen\UEU\processed_bds_in_DENI03403000SEC5658\combined_cluster_sfh_k08_mfh_k02\centralized\res_cen_t50_cmin_co2_1.pkl,failed,True,would_delete,M:\04_ArchivMA\Hillen Maximilian\Veröffentlichungen\UEU\processed_bds_in_DENI03403000SEC5658\combined_cluster_sfh_k08_mfh_k02\centralized\res_cen_t50_cmin_co2_1.pkl
M:\04_ArchivMA\Hillen Maximilian\Veröffentlichungen\UEU\processed_bds_in_DENI03403000SEC5658\combined_cluster_sfh_k08_mfh_k02\centralized\res_cen_t50_cmin_simple_co2_1.pkl,counterpart,True,would_delete,M:\04_ArchivMA\Hillen Maximilian\Veröffentlichungen\UEU\processed_bds_in_DENI03403000SEC5658\combined_cluster_sfh_k08_mfh_k02\centralized\res_cen_t50_cmin_co2_1.pkl
M:\04_ArchivMA\Hillen Maximilian\Veröffentlichungen\UEU\processed_bds_in_DENI03403000SEC5658\combined_cluster_sfh_k08_mfh_k02\centralized\res_cen_t80_cmin_co2_1.pkl,failed,True,would_delete,M:\04_ArchivMA\Hillen Maximilian\Veröffentlichungen\UEU\processed_bds_in_DENI03403000SEC5658\combined_cluster_sfh_k08_mfh_k02\centralized\res_cen_t80_cmin_co2_1.pkl
M:\04_ArchivMA\Hillen Maximilian\Veröffentlichungen\UEU\processed_bds_in_DENI03403000SEC5658\combined_cluster_sfh_k08_mfh_k02\centralized\res_cen_t80_cmin_simple_co2_1.pkl,counterpart,True,would_delete,M:\04_ArchivMA\Hillen Maximilian\Veröffentlichungen\UEU\processed_bds_in_DENI03403000SEC5658\combined_cluster_sfh_k08_mfh_k02\centralized\res_cen_t80_cmin_co2_1.pkl
M:\04_ArchivMA\Hillen Maximilian\Veröffentlichungen\UEU\processed_bds_in_DENI03403000SEC5658\combined_cluster_sfh_k08_mfh_k03\centralized\res_cen_t50_cmin_co2_1.pkl,failed,True,would_delete,M:\04_ArchivMA\Hillen Maximilian\Veröffentlichungen\UEU\processed_bds_in_DENI03403000SEC5658\combined_cluster_sfh_k08_mfh_k03\centralized\res_cen_t50_cmin_co2_1.pkl
M:\04_ArchivMA\Hillen Maximilian\Veröffentlichungen\UEU\processed_bds_in_DENI03403000SEC5658\combined_cluster_sfh_k08_mfh_k03\centralized\res_cen_t50_cmin_simple_co2_1.pkl,counterpart,True,would_delete,M:\04_ArchivMA\Hillen Maximilian\Veröffentlichungen\UEU\processed_bds_in_DENI03403000SEC5658\combined_cluster_sfh_k08_mfh_k03\centralized\res_cen_t50_cmin_co2_1.pkl
M:\04_ArchivMA\Hillen Maximilian\Veröffentlichungen\UEU\processed_bds_in_DENI03403000SEC5658\combined_cluster_sfh_k08_mfh_k03\centralized\res_cen_t80_cmin_co2_1.pkl,failed,True,would_delete,M:\04_ArchivMA\Hillen Maximilian\Veröffentlichungen\UEU\processed_bds_in_DENI03403000SEC5658\combined_cluster_sfh_k08_mfh_k03\centralized\res_cen_t80_cmin_co2_1.pkl
M:\04_ArchivMA\Hillen Maximilian\Veröffentlichungen\UEU\processed_bds_in_DENI03403000SEC5658\combined_cluster_sfh_k08_mfh_k03\centralized\res_cen_t80_cmin_simple_co2_1.pkl,counterpart,True,would_delete,M:\04_ArchivMA\Hillen Maximilian\Veröffentlichungen\UEU\processed_bds_in_DENI03403000SEC5658\combined_cluster_sfh_k08_mfh_k03\centralized\res_cen_t80_cmin_co2_1.pkl
M:\04_ArchivMA\Hillen Maximilian\Veröffentlichungen\UEU\processed_bds_in_DENI03403000SEC5658\combined_cluster_sfh_k08_mfh_k04\centralized\res_cen_t50_cmin_co2_1.pkl,failed,True,would_delete,M:\04_ArchivMA\Hillen Maximilian\Veröffentlichungen\UEU\processed_bds_in_DENI03403000SEC5658\combined_cluster_sfh_k08_mfh_k04\centralized\res_cen_t50_cmin_co2_1.pkl
M:\04_ArchivMA\Hillen Maximilian\Veröffentlichungen\UEU\processed_bds_in_DENI03403000SEC5658\combined_cluster_sfh_k08_mfh_k04\centralized\res_cen_t50_cmin_simple_co2_1.pkl,counterpart,True,would_delete,M:\04_ArchivMA\Hillen Maximilian\Veröffentlichungen\UEU\processed_bds_in_DENI03403000SEC5658\combined_cluster_sfh_k08_mfh_k04\centralized\res_cen_t50_cmin_co2_1.pkl
M:\04_ArchivMA\Hillen Maximilian\Veröffentlichungen\UEU\processed_bds_in_DENI03403000SEC5658\combined_cluster_sfh_k08_mfh_k04\centralized\res_cen_t80_cmin_co2_1.pkl,failed,True,would_delete,M:\04_ArchivMA\Hillen Maximilian\Veröffentlichungen\UEU\processed_bds_in_DENI03403000SEC5658\combined_cluster_sfh_k08_mfh_k04\centralized\res_cen_t80_cmin_co2_1.pkl
M:\04_ArchivMA\Hillen Maximilian\Veröffentlichungen\UEU\processed_bds_in_DENI03403000SEC5658\combined_cluster_sfh_k08_mfh_k04\centralized\res_cen_t80_cmin_simple_co2_1.pkl,counterpart,True,would_delete,M:\04_ArchivMA\Hillen Maximilian\Veröffentlichungen\UEU\processed_bds_in_DENI03403000SEC5658\combined_cluster_sfh_k08_mfh_k04\centralized\res_cen_t80_cmin_co2_1.pkl
M:\04_ArchivMA\Hillen Maximilian\Veröffentlichungen\UEU\processed_bds_in_DENI03403000SEC5658\combined_cluster_sfh_k08_mfh_k05\centralized\res_cen_t50_cmin_co2_1.pkl,failed,True,would_delete,M:\04_ArchivMA\Hillen Maximilian\Veröffentlichungen\UEU\processed_bds_in_DENI03403000SEC5658\combined_cluster_sfh_k08_mfh_k05\centralized\res_cen_t50_cmin_co2_1.pkl
M:\04_ArchivMA\Hillen Maximilian\Veröffentlichungen\UEU\processed_bds_in_DENI03403000SEC5658\combined_cluster_sfh_k08_mfh_k05\centralized\res_cen_t50_cmin_simple_co2_1.pkl,counterpart,True,would_delete,M:\04_ArchivMA\Hillen Maximilian\Veröffentlichungen\UEU\processed_bds_in_DENI03403000SEC5658\combined_cluster_sfh_k08_mfh_k05\centralized\res_cen_t50_cmin_co2_1.pkl
M:\04_ArchivMA\Hillen Maximilian\Veröffentlichungen\UEU\processed_bds_in_DENI03403000SEC5658\combined_cluster_sfh_k08_mfh_k05\centralized\res_cen_t80_cmin_co2_1.pkl,failed,True,would_delete,M:\04_ArchivMA\Hillen Maximilian\Veröffentlichungen\UEU\processed_bds_in_DENI03403000SEC5658\combined_cluster_sfh_k08_mfh_k05\centralized\res_cen_t80_cmin_co2_1.pkl
M:\04_ArchivMA\Hillen Maximilian\Veröffentlichungen\UEU\processed_bds_in_DENI03403000SEC5658\combined_cluster_sfh_k08_mfh_k05\centralized\res_cen_t80_cmin_simple_co2_1.pkl,counterpart,True,would_delete,M:\04_ArchivMA\Hillen Maximilian\Veröffentlichungen\UEU\processed_bds_in_DENI03403000SEC5658\combined_cluster_sfh_k08_mfh_k05\centralized\res_cen_t80_cmin_co2_1.pkl
M:\04_ArchivMA\Hillen Maximilian\Veröffentlichungen\UEU\processed_bds_in_DENI03403000SEC5658\combined_cluster_sfh_k08_mfh_k06\centralized\res_cen_t50_cmin_co2_1.pkl,failed,True,would_delete,M:\04_ArchivMA\Hillen Maximilian\Veröffentlichungen\UEU\processed_bds_in_DENI03403000SEC5658\combined_cluster_sfh_k08_mfh_k06\centralized\res_cen_t50_cmin_co2_1.pkl
M:\04_ArchivMA\Hillen Maximilian\Veröffentlichungen\UEU\processed_bds_in_DENI03403000SEC5658\combined_cluster_sfh_k08_mfh_k06\centralized\res_cen_t50_cmin_simple_co2_1.pkl,counterpart,True,would_delete,M:\04_ArchivMA\Hillen Maximilian\Veröffentlichungen\UEU\processed_bds_in_DENI03403000SEC5658\combined_cluster_sfh_k08_mfh_k06\centralized\res_cen_t50_cmin_co2_1.pkl
M:\04_ArchivMA\Hillen Maximilian\Veröffentlichungen\UEU\processed_bds_in_DENI03403000SEC5658\combined_cluster_sfh_k08_mfh_k06\centralized\res_cen_t80_cmin_co2_1.pkl,failed,True,would_delete,M:\04_ArchivMA\Hillen Maximilian\Veröffentlichungen\UEU\processed_bds_in_DENI03403000SEC5658\combined_cluster_sfh_k08_mfh_k06\centralized\res_cen_t80_cmin_co2_1.pkl
M:\04_ArchivMA\Hillen Maximilian\Veröffentlichungen\UEU\processed_bds_in_DENI03403000SEC5658\combined_cluster_sfh_k08_mfh_k06\centralized\res_cen_t80_cmin_simple_co2_1.pkl,counterpart,True,would_delete,M:\04_ArchivMA\Hillen Maximilian\Veröffentlichungen\UEU\processed_bds_in_DENI03403000SEC5658\combined_cluster_sfh_k08_mfh_k06\centralized\res_cen_t80_cmin_co2_1.pkl
M:\04_ArchivMA\Hillen Maximilian\Veröffentlichungen\UEU\processed_bds_in_DENI03403000SEC5658\combined_cluster_sfh_k08_mfh_reference\centralized\res_cen_t50_cmin_co2_1.pkl,failed,True,would_delete,M:\04_ArchivMA\Hillen Maximilian\Veröffentlichungen\UEU\processed_bds_in_DENI03403000SEC5658\combined_cluster_sfh_k08_mfh_reference\centralized\res_cen_t50_cmin_co2_1.pkl
M:\04_ArchivMA\Hillen Maximilian\Veröffentlichungen\UEU\processed_bds_in_DENI03403000SEC5658\combined_cluster_sfh_k08_mfh_reference\centralized\res_cen_t50_cmin_simple_co2_1.pkl,counterpart,True,would_delete,M:\04_ArchivMA\Hillen Maximilian\Veröffentlichungen\UEU\processed_bds_in_DENI03403000SEC5658\combined_cluster_sfh_k08_mfh_reference\centralized\res_cen_t50_cmin_co2_1.pkl
M:\04_ArchivMA\Hillen Maximilian\Veröffentlichungen\UEU\processed_bds_in_DENI03403000SEC5658\combined_cluster_sfh_k08_mfh_reference\centralized\res_cen_t80_cmin_co2_1.pkl,failed,True,would_delete,M:\04_ArchivMA\Hillen Maximilian\Veröffentlichungen\UEU\processed_bds_in_DENI03403000SEC5658\combined_cluster_sfh_k08_mfh_reference\centralized\res_cen_t80_cmin_co2_1.pkl
M:\04_ArchivMA\Hillen Maximilian\Veröffentlichungen\UEU\processed_bds_in_DENI03403000SEC5658\combined_cluster_sfh_k08_mfh_reference\centralized\res_cen_t80_cmin_simple_co2_1.pkl,counterpart,True,would_delete,M:\04_ArchivMA\Hillen Maximilian\Veröffentlichungen\UEU\processed_bds_in_DENI03403000SEC5658\combined_cluster_sfh_k08_mfh_reference\centralized\res_cen_t80_cmin_co2_1.pkl
M:\04_ArchivMA\Hillen Maximilian\Veröffentlichungen\UEU\processed_bds_in_DENI03403000SEC5658\combined_cluster_sfh_k10_mfh_k01\centralized\res_cen_t50_cmin_co2_1.pkl,failed,True,would_delete,M:\04_ArchivMA\Hillen Maximilian\Veröffentlichungen\UEU\processed_bds_in_DENI03403000SEC5658\combined_cluster_sfh_k10_mfh_k01\centralized\res_cen_t50_cmin_co2_1.pkl
M:\04_ArchivMA\Hillen Maximilian\Veröffentlichungen\UEU\processed_bds_in_DENI03403000SEC5658\combined_cluster_sfh_k10_mfh_k01\centralized\res_cen_t50_cmin_simple_co2_1.pkl,counterpart,True,would_delete,M:\04_ArchivMA\Hillen Maximilian\Veröffentlichungen\UEU\processed_bds_in_DENI03403000SEC5658\combined_cluster_sfh_k10_mfh_k01\centralized\res_cen_t50_cmin_co2_1.pkl
M:\04_ArchivMA\Hillen Maximilian\Veröffentlichungen\UEU\processed_bds_in_DENI03403000SEC5658\combined_cluster_sfh_k10_mfh_k01\centralized\res_cen_t80_cmin_co2_1.pkl,failed,True,would_delete,M:\04_ArchivMA\Hillen Maximilian\Veröffentlichungen\UEU\processed_bds_in_DENI03403000SEC5658\combined_cluster_sfh_k10_mfh_k01\centralized\res_cen_t80_cmin_co2_1.pkl
M:\04_ArchivMA\Hillen Maximilian\Veröffentlichungen\UEU\processed_bds_in_DENI03403000SEC5658\combined_cluster_sfh_k10_mfh_k01\centralized\res_cen_t80_cmin_simple_co2_1.pkl,counterpart,True,would_delete,M:\04_ArchivMA\Hillen Maximilian\Veröffentlichungen\UEU\processed_bds_in_DENI03403000SEC5658\combined_cluster_sfh_k10_mfh_k01\centralized\res_cen_t80_cmin_co2_1.pkl
M:\04_ArchivMA\Hillen Maximilian\Veröffentlichungen\UEU\processed_bds_in_DENI03403000SEC5658\combined_cluster_sfh_k10_mfh_k02\centralized\res_cen_t50_cmin_co2_1.pkl,failed,True,would_delete,M:\04_ArchivMA\Hillen Maximilian\Veröffentlichungen\UEU\processed_bds_in_DENI03403000SEC5658\combined_cluster_sfh_k10_mfh_k02\centralized\res_cen_t50_cmin_co2_1.pkl
M:\04_ArchivMA\Hillen Maximilian\Veröffentlichungen\UEU\processed_bds_in_DENI03403000SEC5658\combined_cluster_sfh_k10_mfh_k02\centralized\res_cen_t50_cmin_simple_co2_1.pkl,counterpart,True,would_delete,M:\04_ArchivMA\Hillen Maximilian\Veröffentlichungen\UEU\processed_bds_in_DENI03403000SEC5658\combined_cluster_sfh_k10_mfh_k02\centralized\res_cen_t50_cmin_co2_1.pkl
M:\04_ArchivMA\Hillen Maximilian\Veröffentlichungen\UEU\processed_bds_in_DENI03403000SEC5658\combined_cluster_sfh_k10_mfh_k03\centralized\res_cen_t50_cmin_co2_1.pkl,failed,True,would_delete,M:\04_ArchivMA\Hillen Maximilian\Veröffentlichungen\UEU\processed_bds_in_DENI03403000SEC5658\combined_cluster_sfh_k10_mfh_k03\centralized\res_cen_t50_cmin_co2_1.pkl
M:\04_ArchivMA\Hillen Maximilian\Veröffentlichungen\UEU\processed_bds_in_DENI03403000SEC5658\combined_cluster_sfh_k10_mfh_k03\centralized\res_cen_t50_cmin_simple_co2_1.pkl,counterpart,True,would_delete,M:\04_ArchivMA\Hillen Maximilian\Veröffentlichungen\UEU\processed_bds_in_DENI03403000SEC5658\combined_cluster_sfh_k10_mfh_k03\centralized\res_cen_t50_cmin_co2_1.pkl
M:\04_ArchivMA\Hillen Maximilian\Veröffentlichungen\UEU\processed_bds_in_DENI03403000SEC5658\combined_cluster_sfh_k10_mfh_k03\centralized\res_cen_t80_cmin_co2_1.pkl,failed,True,would_delete,M:\04_ArchivMA\Hillen Maximilian\Veröffentlichungen\UEU\processed_bds_in_DENI03403000SEC5658\combined_cluster_sfh_k10_mfh_k03\centralized\res_cen_t80_cmin_co2_1.pkl
M:\04_ArchivMA\Hillen Maximilian\Veröffentlichungen\UEU\processed_bds_in_DENI03403000SEC5658\combined_cluster_sfh_k10_mfh_k03\centralized\res_cen_t80_cmin_simple_co2_1.pkl,counterpart,True,would_delete,M:\04_ArchivMA\Hillen Maximilian\Veröffentlichungen\UEU\processed_bds_in_DENI03403000SEC5658\combined_cluster_sfh_k10_mfh_k03\centralized\res_cen_t80_cmin_co2_1.pkl
M:\04_ArchivMA\Hillen Maximilian\Veröffentlichungen\UEU\processed_bds_in_DENI03403000SEC5658\combined_cluster_sfh_k10_mfh_k04\centralized\res_cen_t50_cmin_co2_1.pkl,failed,True,would_delete,M:\04_ArchivMA\Hillen Maximilian\Veröffentlichungen\UEU\processed_bds_in_DENI03403000SEC5658\combined_cluster_sfh_k10_mfh_k04\centralized\res_cen_t50_cmin_co2_1.pkl
M:\04_ArchivMA\Hillen Maximilian\Veröffentlichungen\UEU\processed_bds_in_DENI03403000SEC5658\combined_cluster_sfh_k10_mfh_k04\centralized\res_cen_t50_cmin_simple_co2_1.pkl,counterpart,True,would_delete,M:\04_ArchivMA\Hillen Maximilian\Veröffentlichungen\UEU\processed_bds_in_DENI03403000SEC5658\combined_cluster_sfh_k10_mfh_k04\centralized\res_cen_t50_cmin_co2_1.pkl
M:\04_ArchivMA\Hillen Maximilian\Veröffentlichungen\UEU\processed_bds_in_DENI03403000SEC5658\combined_cluster_sfh_k10_mfh_k04\centralized\res_cen_t80_cmin_co2_1.pkl,failed,True,would_delete,M:\04_ArchivMA\Hillen Maximilian\Veröffentlichungen\UEU\processed_bds_in_DENI03403000SEC5658\combined_cluster_sfh_k10_mfh_k04\centralized\res_cen_t80_cmin_co2_1.pkl
M:\04_ArchivMA\Hillen Maximilian\Veröffentlichungen\UEU\processed_bds_in_DENI03403000SEC5658\combined_cluster_sfh_k10_mfh_k04\centralized\res_cen_t80_cmin_simple_co2_1.pkl,counterpart,True,would_delete,M:\04_ArchivMA\Hillen Maximilian\Veröffentlichungen\UEU\processed_bds_in_DENI03403000SEC5658\combined_cluster_sfh_k10_mfh_k04\centralized\res_cen_t80_cmin_co2_1.pkl
M:\04_ArchivMA\Hillen Maximilian\Veröffentlichungen\UEU\processed_bds_in_DENI03403000SEC5658\combined_cluster_sfh_k10_mfh_k05\centralized\res_cen_t50_cmin_co2_1.pkl,failed,True,would_delete,M:\04_ArchivMA\Hillen Maximilian\Veröffentlichungen\UEU\processed_bds_in_DENI03403000SEC5658\combined_cluster_sfh_k10_mfh_k05\centralized\res_cen_t50_cmin_co2_1.pkl
M:\04_ArchivMA\Hillen Maximilian\Veröffentlichungen\UEU\processed_bds_in_DENI03403000SEC5658\combined_cluster_sfh_k10_mfh_k05\centralized\res_cen_t50_cmin_simple_co2_1.pkl,counterpart,True,would_delete,M:\04_ArchivMA\Hillen Maximilian\Veröffentlichungen\UEU\processed_bds_in_DENI03403000SEC5658\combined_cluster_sfh_k10_mfh_k05\centralized\res_cen_t50_cmin_co2_1.pkl
M:\04_ArchivMA\Hillen Maximilian\Veröffentlichungen\UEU\processed_bds_in_DENI03403000SEC5658\combined_cluster_sfh_k10_mfh_k05\centralized\res_cen_t80_cmin_co2_1.pkl,failed,True,would_delete,M:\04_ArchivMA\Hillen Maximilian\Veröffentlichungen\UEU\processed_bds_in_DENI03403000SEC5658\combined_cluster_sfh_k10_mfh_k05\centralized\res_cen_t80_cmin_co2_1.pkl
M:\04_ArchivMA\Hillen Maximilian\Veröffentlichungen\UEU\processed_bds_in_DENI03403000SEC5658\combined_cluster_sfh_k10_mfh_k05\centralized\res_cen_t80_cmin_simple_co2_1.pkl,counterpart,True,would_delete,M:\04_ArchivMA\Hillen Maximilian\Veröffentlichungen\UEU\processed_bds_in_DENI03403000SEC5658\combined_cluster_sfh_k10_mfh_k05\centralized\res_cen_t80_cmin_co2_1.pkl
M:\04_ArchivMA\Hillen Maximilian\Veröffentlichungen\UEU\processed_bds_in_DENI03403000SEC5658\combined_cluster_sfh_k10_mfh_k06\centralized\res_cen_t50_cmin_co2_1.pkl,failed,True,would_delete,M:\04_ArchivMA\Hillen Maximilian\Veröffentlichungen\UEU\processed_bds_in_DENI03403000SEC5658\combined_cluster_sfh_k10_mfh_k06\centralized\res_cen_t50_cmin_co2_1.pkl
M:\04_ArchivMA\Hillen Maximilian\Veröffentlichungen\UEU\processed_bds_in_DENI03403000SEC5658\combined_cluster_sfh_k10_mfh_k06\centralized\res_cen_t50_cmin_simple_co2_1.pkl,counterpart,True,would_delete,M:\04_ArchivMA\Hillen Maximilian\Veröffentlichungen\UEU\processed_bds_in_DENI03403000SEC5658\combined_cluster_sfh_k10_mfh_k06\centralized\res_cen_t50_cmin_co2_1.pkl
M:\04_ArchivMA\Hillen Maximilian\Veröffentlichungen\UEU\processed_bds_in_DENI03403000SEC5658\combined_cluster_sfh_k10_mfh_reference\centralized\res_cen_t50_cmin_co2_06.pkl,failed,True,would_delete,M:\04_ArchivMA\Hillen Maximilian\Veröffentlichungen\UEU\processed_bds_in_DENI03403000SEC5658\combined_cluster_sfh_k10_mfh_reference\centralized\res_cen_t50_cmin_co2_06.pkl
M:\04_ArchivMA\Hillen Maximilian\Veröffentlichungen\UEU\processed_bds_in_DENI03403000SEC5658\combined_cluster_sfh_k10_mfh_reference\centralized\res_cen_t50_cmin_co2_1.pkl,failed,True,would_delete,M:\04_ArchivMA\Hillen Maximilian\Veröffentlichungen\UEU\processed_bds_in_DENI03403000SEC5658\combined_cluster_sfh_k10_mfh_reference\centralized\res_cen_t50_cmin_co2_1.pkl
M:\04_ArchivMA\Hillen Maximilian\Veröffentlichungen\UEU\processed_bds_in_DENI03403000SEC5658\combined_cluster_sfh_k10_mfh_reference\centralized\res_cen_t50_cmin_simple_co2_06.pkl,counterpart,False,missing,M:\04_ArchivMA\Hillen Maximilian\Veröffentlichungen\UEU\processed_bds_in_DENI03403000SEC5658\combined_cluster_sfh_k10_mfh_reference\centralized\res_cen_t50_cmin_co2_06.pkl
M:\04_ArchivMA\Hillen Maximilian\Veröffentlichungen\UEU\processed_bds_in_DENI03403000SEC5658\combined_cluster_sfh_k10_mfh_reference\centralized\res_cen_t50_cmin_simple_co2_1.pkl,counterpart,True,would_delete,M:\04_ArchivMA\Hillen Maximilian\Veröffentlichungen\UEU\processed_bds_in_DENI03403000SEC5658\combined_cluster_sfh_k10_mfh_reference\centralized\res_cen_t50_cmin_co2_1.pkl
M:\04_ArchivMA\Hillen Maximilian\Veröffentlichungen\UEU\processed_bds_in_DENI03403000SEC5658\combined_cluster_sfh_k10_mfh_reference\centralized\res_cen_t80_cmin_co2_1.pkl,failed,True,would_delete,M:\04_ArchivMA\Hillen Maximilian\Veröffentlichungen\UEU\processed_bds_in_DENI03403000SEC5658\combined_cluster_sfh_k10_mfh_reference\centralized\res_cen_t80_cmin_co2_1.pkl
M:\04_ArchivMA\Hillen Maximilian\Veröffentlichungen\UEU\processed_bds_in_DENI03403000SEC5658\combined_cluster_sfh_k10_mfh_reference\centralized\res_cen_t80_cmin_simple_co2_1.pkl,counterpart,True,would_delete,M:\04_ArchivMA\Hillen Maximilian\Veröffentlichungen\UEU\processed_bds_in_DENI03403000SEC5658\combined_cluster_sfh_k10_mfh_reference\centralized\res_cen_t80_cmin_co2_1.pkl
M:\04_ArchivMA\Hillen Maximilian\Veröffentlichungen\UEU\processed_bds_in_DENI03403000SEC5658\combined_cluster_sfh_k14_mfh_k01\centralized\res_cen_t50_cmin_co2_095.pkl,failed,True,would_delete,M:\04_ArchivMA\Hillen Maximilian\Veröffentlichungen\UEU\processed_bds_in_DENI03403000SEC5658\combined_cluster_sfh_k14_mfh_k01\centralized\res_cen_t50_cmin_co2_095.pkl
M:\04_ArchivMA\Hillen Maximilian\Veröffentlichungen\UEU\processed_bds_in_DENI03403000SEC5658\combined_cluster_sfh_k14_mfh_k01\centralized\res_cen_t50_cmin_simple_co2_095.pkl,counterpart,False,missing,M:\04_ArchivMA\Hillen Maximilian\Veröffentlichungen\UEU\processed_bds_in_DENI03403000SEC5658\combined_cluster_sfh_k14_mfh_k01\centralized\res_cen_t50_cmin_co2_095.pkl
M:\04_ArchivMA\Hillen Maximilian\Veröffentlichungen\UEU\processed_bds_in_DENI03403000SEC5658\combined_cluster_sfh_k14_mfh_k01\centralized\res_cen_t80_cmin_co2_1.pkl,failed,True,would_delete,M:\04_ArchivMA\Hillen Maximilian\Veröffentlichungen\UEU\processed_bds_in_DENI03403000SEC5658\combined_cluster_sfh_k14_mfh_k01\centralized\res_cen_t80_cmin_co2_1.pkl
M:\04_ArchivMA\Hillen Maximilian\Veröffentlichungen\UEU\processed_bds_in_DENI03403000SEC5658\combined_cluster_sfh_k14_mfh_k01\centralized\res_cen_t80_cmin_simple_co2_1.pkl,counterpart,True,would_delete,M:\04_ArchivMA\Hillen Maximilian\Veröffentlichungen\UEU\processed_bds_in_DENI03403000SEC5658\combined_cluster_sfh_k14_mfh_k01\centralized\res_cen_t80_cmin_co2_1.pkl
M:\04_ArchivMA\Hillen Maximilian\Veröffentlichungen\UEU\processed_bds_in_DENI03403000SEC5658\combined_cluster_sfh_k14_mfh_k02\centralized\res_cen_t50_cmin_co2_1.pkl,failed,True,would_delete,M:\04_ArchivMA\Hillen Maximilian\Veröffentlichungen\UEU\processed_bds_in_DENI03403000SEC5658\combined_cluster_sfh_k14_mfh_k02\centralized\res_cen_t50_cmin_co2_1.pkl
M:\04_ArchivMA\Hillen Maximilian\Veröffentlichungen\UEU\processed_bds_in_DENI03403000SEC5658\combined_cluster_sfh_k14_mfh_k02\centralized\res_cen_t50_cmin_simple_co2_1.pkl,counterpart,True,would_delete,M:\04_ArchivMA\Hillen Maximilian\Veröffentlichungen\UEU\processed_bds_in_DENI03403000SEC5658\combined_cluster_sfh_k14_mfh_k02\centralized\res_cen_t50_cmin_co2_1.pkl
M:\04_ArchivMA\Hillen Maximilian\Veröffentlichungen\UEU\processed_bds_in_DENI03403000SEC5658\combined_cluster_sfh_k14_mfh_k02\centralized\res_cen_t80_cmin_co2_1.pkl,failed,True,would_delete,M:\04_ArchivMA\Hillen Maximilian\Veröffentlichungen\UEU\processed_bds_in_DENI03403000SEC5658\combined_cluster_sfh_k14_mfh_k02\centralized\res_cen_t80_cmin_co2_1.pkl
M:\04_ArchivMA\Hillen Maximilian\Veröffentlichungen\UEU\processed_bds_in_DENI03403000SEC5658\combined_cluster_sfh_k14_mfh_k02\centralized\res_cen_t80_cmin_simple_co2_1.pkl,counterpart,True,would_delete,M:\04_ArchivMA\Hillen Maximilian\Veröffentlichungen\UEU\processed_bds_in_DENI03403000SEC5658\combined_cluster_sfh_k14_mfh_k02\centralized\res_cen_t80_cmin_co2_1.pkl
M:\04_ArchivMA\Hillen Maximilian\Veröffentlichungen\UEU\processed_bds_in_DENI03403000SEC5658\combined_cluster_sfh_k14_mfh_k03\centralized\res_cen_t50_cmin_co2_1.pkl,failed,True,would_delete,M:\04_ArchivMA\Hillen Maximilian\Veröffentlichungen\UEU\processed_bds_in_DENI03403000SEC5658\combined_cluster_sfh_k14_mfh_k03\centralized\res_cen_t50_cmin_co2_1.pkl
M:\04_ArchivMA\Hillen Maximilian\Veröffentlichungen\UEU\processed_bds_in_DENI03403000SEC5658\combined_cluster_sfh_k14_mfh_k03\centralized\res_cen_t50_cmin_simple_co2_1.pkl,counterpart,True,would_delete,M:\04_ArchivMA\Hillen Maximilian\Veröffentlichungen\UEU\processed_bds_in_DENI03403000SEC5658\combined_cluster_sfh_k14_mfh_k03\centralized\res_cen_t50_cmin_co2_1.pkl
M:\04_ArchivMA\Hillen Maximilian\Veröffentlichungen\UEU\processed_bds_in_DENI03403000SEC5658\combined_cluster_sfh_k14_mfh_k03\centralized\res_cen_t80_cmin_co2_1.pkl,failed,True,would_delete,M:\04_ArchivMA\Hillen Maximilian\Veröffentlichungen\UEU\processed_bds_in_DENI03403000SEC5658\combined_cluster_sfh_k14_mfh_k03\centralized\res_cen_t80_cmin_co2_1.pkl
M:\04_ArchivMA\Hillen Maximilian\Veröffentlichungen\UEU\processed_bds_in_DENI03403000SEC5658\combined_cluster_sfh_k14_mfh_k03\centralized\res_cen_t80_cmin_simple_co2_1.pkl,counterpart,True,would_delete,M:\04_ArchivMA\Hillen Maximilian\Veröffentlichungen\UEU\processed_bds_in_DENI03403000SEC5658\combined_cluster_sfh_k14_mfh_k03\centralized\res_cen_t80_cmin_co2_1.pkl
M:\04_ArchivMA\Hillen Maximilian\Veröffentlichungen\UEU\processed_bds_in_DENI03403000SEC5658\combined_cluster_sfh_k14_mfh_k04\centralized\res_cen_t50_cmin_co2_1.pkl,failed,True,would_delete,M:\04_ArchivMA\Hillen Maximilian\Veröffentlichungen\UEU\processed_bds_in_DENI03403000SEC5658\combined_cluster_sfh_k14_mfh_k04\centralized\res_cen_t50_cmin_co2_1.pkl
M:\04_ArchivMA\Hillen Maximilian\Veröffentlichungen\UEU\processed_bds_in_DENI03403000SEC5658\combined_cluster_sfh_k14_mfh_k04\centralized\res_cen_t50_cmin_simple_co2_1.pkl,counterpart,True,would_delete,M:\04_ArchivMA\Hillen Maximilian\Veröffentlichungen\UEU\processed_bds_in_DENI03403000SEC5658\combined_cluster_sfh_k14_mfh_k04\centralized\res_cen_t50_cmin_co2_1.pkl
M:\04_ArchivMA\Hillen Maximilian\Veröffentlichungen\UEU\processed_bds_in_DENI03403000SEC5658\combined_cluster_sfh_k14_mfh_k05\centralized\res_cen_t50_cmin_co2_1.pkl,failed,True,would_delete,M:\04_ArchivMA\Hillen Maximilian\Veröffentlichungen\UEU\processed_bds_in_DENI03403000SEC5658\combined_cluster_sfh_k14_mfh_k05\centralized\res_cen_t50_cmin_co2_1.pkl
M:\04_ArchivMA\Hillen Maximilian\Veröffentlichungen\UEU\processed_bds_in_DENI03403000SEC5658\combined_cluster_sfh_k14_mfh_k05\centralized\res_cen_t50_cmin_simple_co2_1.pkl,counterpart,True,would_delete,M:\04_ArchivMA\Hillen Maximilian\Veröffentlichungen\UEU\processed_bds_in_DENI03403000SEC5658\combined_cluster_sfh_k14_mfh_k05\centralized\res_cen_t50_cmin_co2_1.pkl
M:\04_ArchivMA\Hillen Maximilian\Veröffentlichungen\UEU\processed_bds_in_DENI03403000SEC5658\combined_cluster_sfh_k14_mfh_k05\centralized\res_cen_t80_cmin_co2_1.pkl,failed,True,would_delete,M:\04_ArchivMA\Hillen Maximilian\Veröffentlichungen\UEU\processed_bds_in_DENI03403000SEC5658\combined_cluster_sfh_k14_mfh_k05\centralized\res_cen_t80_cmin_co2_1.pkl
M:\04_ArchivMA\Hillen Maximilian\Veröffentlichungen\UEU\processed_bds_in_DENI03403000SEC5658\combined_cluster_sfh_k14_mfh_k05\centralized\res_cen_t80_cmin_simple_co2_1.pkl,counterpart,True,would_delete,M:\04_ArchivMA\Hillen Maximilian\Veröffentlichungen\UEU\processed_bds_in_DENI03403000SEC5658\combined_cluster_sfh_k14_mfh_k05\centralized\res_cen_t80_cmin_co2_1.pkl
M:\04_ArchivMA\Hillen Maximilian\Veröffentlichungen\UEU\processed_bds_in_DENI03403000SEC5658\combined_cluster_sfh_k14_mfh_k06\centralized\res_cen_t50_cmin_co2_1.pkl,failed,True,would_delete,M:\04_ArchivMA\Hillen Maximilian\Veröffentlichungen\UEU\processed_bds_in_DENI03403000SEC5658\combined_cluster_sfh_k14_mfh_k06\centralized\res_cen_t50_cmin_co2_1.pkl
M:\04_ArchivMA\Hillen Maximilian\Veröffentlichungen\UEU\processed_bds_in_DENI03403000SEC5658\combined_cluster_sfh_k14_mfh_k06\centralized\res_cen_t50_cmin_simple_co2_1.pkl,counterpart,True,would_delete,M:\04_ArchivMA\Hillen Maximilian\Veröffentlichungen\UEU\processed_bds_in_DENI03403000SEC5658\combined_cluster_sfh_k14_mfh_k06\centralized\res_cen_t50_cmin_co2_1.pkl
M:\04_ArchivMA\Hillen Maximilian\Veröffentlichungen\UEU\processed_bds_in_DENI03403000SEC5658\combined_cluster_sfh_k14_mfh_k06\centralized\res_cen_t80_cmin_co2_1.pkl,failed,True,would_delete,M:\04_ArchivMA\Hillen Maximilian\Veröffentlichungen\UEU\processed_bds_in_DENI03403000SEC5658\combined_cluster_sfh_k14_mfh_k06\centralized\res_cen_t80_cmin_co2_1.pkl
M:\04_ArchivMA\Hillen Maximilian\Veröffentlichungen\UEU\processed_bds_in_DENI03403000SEC5658\combined_cluster_sfh_k14_mfh_k06\centralized\res_cen_t80_cmin_simple_co2_1.pkl,counterpart,True,would_delete,M:\04_ArchivMA\Hillen Maximilian\Veröffentlichungen\UEU\processed_bds_in_DENI03403000SEC5658\combined_cluster_sfh_k14_mfh_k06\centralized\res_cen_t80_cmin_co2_1.pkl
M:\04_ArchivMA\Hillen Maximilian\Veröffentlichungen\UEU\processed_bds_in_DENI03403000SEC5658\combined_cluster_sfh_k14_mfh_reference\centralized\res_cen_t50_cmin_co2_1.pkl,failed,True,would_delete,M:\04_ArchivMA\Hillen Maximilian\Veröffentlichungen\UEU\processed_bds_in_DENI03403000SEC5658\combined_cluster_sfh_k14_mfh_reference\centralized\res_cen_t50_cmin_co2_1.pkl
M:\04_ArchivMA\Hillen Maximilian\Veröffentlichungen\UEU\processed_bds_in_DENI03403000SEC5658\combined_cluster_sfh_k14_mfh_reference\centralized\res_cen_t50_cmin_simple_co2_1.pkl,counterpart,True,would_delete,M:\04_ArchivMA\Hillen Maximilian\Veröffentlichungen\UEU\processed_bds_in_DENI03403000SEC5658\combined_cluster_sfh_k14_mfh_reference\centralized\res_cen_t50_cmin_co2_1.pkl
M:\04_ArchivMA\Hillen Maximilian\Veröffentlichungen\UEU\processed_bds_in_DENI03403000SEC5658\combined_cluster_sfh_k14_mfh_reference\centralized\res_cen_t80_cmin_co2_1.pkl,failed,True,would_delete,M:\04_ArchivMA\Hillen Maximilian\Veröffentlichungen\UEU\processed_bds_in_DENI03403000SEC5658\combined_cluster_sfh_k14_mfh_reference\centralized\res_cen_t80_cmin_co2_1.pkl
M:\04_ArchivMA\Hillen Maximilian\Veröffentlichungen\UEU\processed_bds_in_DENI03403000SEC5658\combined_cluster_sfh_k14_mfh_reference\centralized\res_cen_t80_cmin_simple_co2_1.pkl,counterpart,True,would_delete,M:\04_ArchivMA\Hillen Maximilian\Veröffentlichungen\UEU\processed_bds_in_DENI03403000SEC5658\combined_cluster_sfh_k14_mfh_reference\centralized\res_cen_t80_cmin_co2_1.pkl
M:\04_ArchivMA\Hillen Maximilian\Veröffentlichungen\UEU\processed_bds_in_DENI03403000SEC5658\combined_cluster_sfh_k18_mfh_k01\centralized\res_cen_t50_cmin_co2_1.pkl,failed,True,would_delete,M:\04_ArchivMA\Hillen Maximilian\Veröffentlichungen\UEU\processed_bds_in_DENI03403000SEC5658\combined_cluster_sfh_k18_mfh_k01\centralized\res_cen_t50_cmin_co2_1.pkl
M:\04_ArchivMA\Hillen Maximilian\Veröffentlichungen\UEU\processed_bds_in_DENI03403000SEC5658\combined_cluster_sfh_k18_mfh_k01\centralized\res_cen_t50_cmin_simple_co2_1.pkl,counterpart,True,would_delete,M:\04_ArchivMA\Hillen Maximilian\Veröffentlichungen\UEU\processed_bds_in_DENI03403000SEC5658\combined_cluster_sfh_k18_mfh_k01\centralized\res_cen_t50_cmin_co2_1.pkl
M:\04_ArchivMA\Hillen Maximilian\Veröffentlichungen\UEU\processed_bds_in_DENI03403000SEC5658\combined_cluster_sfh_k18_mfh_k01\centralized\res_cen_t80_cmin_co2_1.pkl,failed,True,would_delete,M:\04_ArchivMA\Hillen Maximilian\Veröffentlichungen\UEU\processed_bds_in_DENI03403000SEC5658\combined_cluster_sfh_k18_mfh_k01\centralized\res_cen_t80_cmin_co2_1.pkl
M:\04_ArchivMA\Hillen Maximilian\Veröffentlichungen\UEU\processed_bds_in_DENI03403000SEC5658\combined_cluster_sfh_k18_mfh_k01\centralized\res_cen_t80_cmin_simple_co2_1.pkl,counterpart,True,would_delete,M:\04_ArchivMA\Hillen Maximilian\Veröffentlichungen\UEU\processed_bds_in_DENI03403000SEC5658\combined_cluster_sfh_k18_mfh_k01\centralized\res_cen_t80_cmin_co2_1.pkl
M:\04_ArchivMA\Hillen Maximilian\Veröffentlichungen\UEU\processed_bds_in_DENI03403000SEC5658\combined_cluster_sfh_k18_mfh_k02\centralized\res_cen_t50_cmin_co2_1.pkl,failed,True,would_delete,M:\04_ArchivMA\Hillen Maximilian\Veröffentlichungen\UEU\processed_bds_in_DENI03403000SEC5658\combined_cluster_sfh_k18_mfh_k02\centralized\res_cen_t50_cmin_co2_1.pkl
M:\04_ArchivMA\Hillen Maximilian\Veröffentlichungen\UEU\processed_bds_in_DENI03403000SEC5658\combined_cluster_sfh_k18_mfh_k02\centralized\res_cen_t50_cmin_simple_co2_1.pkl,counterpart,True,would_delete,M:\04_ArchivMA\Hillen Maximilian\Veröffentlichungen\UEU\processed_bds_in_DENI03403000SEC5658\combined_cluster_sfh_k18_mfh_k02\centralized\res_cen_t50_cmin_co2_1.pkl
M:\04_ArchivMA\Hillen Maximilian\Veröffentlichungen\UEU\processed_bds_in_DENI03403000SEC5658\combined_cluster_sfh_k18_mfh_k02\centralized\res_cen_t80_cmin_co2_1.pkl,failed,True,would_delete,M:\04_ArchivMA\Hillen Maximilian\Veröffentlichungen\UEU\processed_bds_in_DENI03403000SEC5658\combined_cluster_sfh_k18_mfh_k02\centralized\res_cen_t80_cmin_co2_1.pkl
M:\04_ArchivMA\Hillen Maximilian\Veröffentlichungen\UEU\processed_bds_in_DENI03403000SEC5658\combined_cluster_sfh_k18_mfh_k02\centralized\res_cen_t80_cmin_simple_co2_1.pkl,counterpart,True,would_delete,M:\04_ArchivMA\Hillen Maximilian\Veröffentlichungen\UEU\processed_bds_in_DENI03403000SEC5658\combined_cluster_sfh_k18_mfh_k02\centralized\res_cen_t80_cmin_co2_1.pkl
M:\04_ArchivMA\Hillen Maximilian\Veröffentlichungen\UEU\processed_bds_in_DENI03403000SEC5658\combined_cluster_sfh_k18_mfh_k03\centralized\res_cen_t50_cmin_co2_1.pkl,failed,True,would_delete,M:\04_ArchivMA\Hillen Maximilian\Veröffentlichungen\UEU\processed_bds_in_DENI03403000SEC5658\combined_cluster_sfh_k18_mfh_k03\centralized\res_cen_t50_cmin_co2_1.pkl
M:\04_ArchivMA\Hillen Maximilian\Veröffentlichungen\UEU\processed_bds_in_DENI03403000SEC5658\combined_cluster_sfh_k18_mfh_k03\centralized\res_cen_t50_cmin_simple_co2_1.pkl,counterpart,True,would_delete,M:\04_ArchivMA\Hillen Maximilian\Veröffentlichungen\UEU\processed_bds_in_DENI03403000SEC5658\combined_cluster_sfh_k18_mfh_k03\centralized\res_cen_t50_cmin_co2_1.pkl
M:\04_ArchivMA\Hillen Maximilian\Veröffentlichungen\UEU\processed_bds_in_DENI03403000SEC5658\combined_cluster_sfh_k18_mfh_k04\centralized\res_cen_t50_cmin_co2_1.pkl,failed,True,would_delete,M:\04_ArchivMA\Hillen Maximilian\Veröffentlichungen\UEU\processed_bds_in_DENI03403000SEC5658\combined_cluster_sfh_k18_mfh_k04\centralized\res_cen_t50_cmin_co2_1.pkl
M:\04_ArchivMA\Hillen Maximilian\Veröffentlichungen\UEU\processed_bds_in_DENI03403000SEC5658\combined_cluster_sfh_k18_mfh_k04\centralized\res_cen_t50_cmin_simple_co2_1.pkl,counterpart,True,would_delete,M:\04_ArchivMA\Hillen Maximilian\Veröffentlichungen\UEU\processed_bds_in_DENI03403000SEC5658\combined_cluster_sfh_k18_mfh_k04\centralized\res_cen_t50_cmin_co2_1.pkl
M:\04_ArchivMA\Hillen Maximilian\Veröffentlichungen\UEU\processed_bds_in_DENI03403000SEC5658\combined_cluster_sfh_k18_mfh_k05\centralized\res_cen_t50_cmin_co2_1.pkl,failed,True,would_delete,M:\04_ArchivMA\Hillen Maximilian\Veröffentlichungen\UEU\processed_bds_in_DENI03403000SEC5658\combined_cluster_sfh_k18_mfh_k05\centralized\res_cen_t50_cmin_co2_1.pkl
M:\04_ArchivMA\Hillen Maximilian\Veröffentlichungen\UEU\processed_bds_in_DENI03403000SEC5658\combined_cluster_sfh_k18_mfh_k05\centralized\res_cen_t50_cmin_simple_co2_1.pkl,counterpart,True,would_delete,M:\04_ArchivMA\Hillen Maximilian\Veröffentlichungen\UEU\processed_bds_in_DENI03403000SEC5658\combined_cluster_sfh_k18_mfh_k05\centralized\res_cen_t50_cmin_co2_1.pkl
M:\04_ArchivMA\Hillen Maximilian\Veröffentlichungen\UEU\processed_bds_in_DENI03403000SEC5658\combined_cluster_sfh_k18_mfh_k06\centralized\res_cen_t50_cmin_co2_1.pkl,failed,True,would_delete,M:\04_ArchivMA\Hillen Maximilian\Veröffentlichungen\UEU\processed_bds_in_DENI03403000SEC5658\combined_cluster_sfh_k18_mfh_k06\centralized\res_cen_t50_cmin_co2_1.pkl
M:\04_ArchivMA\Hillen Maximilian\Veröffentlichungen\UEU\processed_bds_in_DENI03403000SEC5658\combined_cluster_sfh_k18_mfh_k06\centralized\res_cen_t50_cmin_simple_co2_1.pkl,counterpart,True,would_delete,M:\04_ArchivMA\Hillen Maximilian\Veröffentlichungen\UEU\processed_bds_in_DENI03403000SEC5658\combined_cluster_sfh_k18_mfh_k06\centralized\res_cen_t50_cmin_co2_1.pkl
M:\04_ArchivMA\Hillen Maximilian\Veröffentlichungen\UEU\processed_bds_in_DENI03403000SEC5658\combined_cluster_sfh_k18_mfh_k06\centralized\res_cen_t80_cmin_co2_1.pkl,failed,True,would_delete,M:\04_ArchivMA\Hillen Maximilian\Veröffentlichungen\UEU\processed_bds_in_DENI03403000SEC5658\combined_cluster_sfh_k18_mfh_k06\centralized\res_cen_t80_cmin_co2_1.pkl
M:\04_ArchivMA\Hillen Maximilian\Veröffentlichungen\UEU\processed_bds_in_DENI03403000SEC5658\combined_cluster_sfh_k18_mfh_k06\centralized\res_cen_t80_cmin_simple_co2_1.pkl,counterpart,True,would_delete,M:\04_ArchivMA\Hillen Maximilian\Veröffentlichungen\UEU\processed_bds_in_DENI03403000SEC5658\combined_cluster_sfh_k18_mfh_k06\centralized\res_cen_t80_cmin_co2_1.pkl
M:\04_ArchivMA\Hillen Maximilian\Veröffentlichungen\UEU\processed_bds_in_DENI03403000SEC5658\combined_cluster_sfh_k18_mfh_reference\centralized\res_cen_t50_cmin_co2_1.pkl,failed,True,would_delete,M:\04_ArchivMA\Hillen Maximilian\Veröffentlichungen\UEU\processed_bds_in_DENI03403000SEC5658\combined_cluster_sfh_k18_mfh_reference\centralized\res_cen_t50_cmin_co2_1.pkl
M:\04_ArchivMA\Hillen Maximilian\Veröffentlichungen\UEU\processed_bds_in_DENI03403000SEC5658\combined_cluster_sfh_k18_mfh_reference\centralized\res_cen_t50_cmin_simple_co2_1.pkl,counterpart,True,would_delete,M:\04_ArchivMA\Hillen Maximilian\Veröffentlichungen\UEU\processed_bds_in_DENI03403000SEC5658\combined_cluster_sfh_k18_mfh_reference\centralized\res_cen_t50_cmin_co2_1.pkl
M:\04_ArchivMA\Hillen Maximilian\Veröffentlichungen\UEU\processed_bds_in_DENI03403000SEC5658\combined_cluster_sfh_reference_mfh_k01\centralized\res_cen_t50_cmin_co2_1.pkl,failed,True,would_delete,M:\04_ArchivMA\Hillen Maximilian\Veröffentlichungen\UEU\processed_bds_in_DENI03403000SEC5658\combined_cluster_sfh_reference_mfh_k01\centralized\res_cen_t50_cmin_co2_1.pkl
M:\04_ArchivMA\Hillen Maximilian\Veröffentlichungen\UEU\processed_bds_in_DENI03403000SEC5658\combined_cluster_sfh_reference_mfh_k01\centralized\res_cen_t50_cmin_simple_co2_1.pkl,counterpart,True,would_delete,M:\04_ArchivMA\Hillen Maximilian\Veröffentlichungen\UEU\processed_bds_in_DENI03403000SEC5658\combined_cluster_sfh_reference_mfh_k01\centralized\res_cen_t50_cmin_co2_1.pkl
M:\04_ArchivMA\Hillen Maximilian\Veröffentlichungen\UEU\processed_bds_in_DENI03403000SEC5658\combined_cluster_sfh_reference_mfh_k01\centralized\res_cen_t80_cmin_co2_1.pkl,failed,True,would_delete,M:\04_ArchivMA\Hillen Maximilian\Veröffentlichungen\UEU\processed_bds_in_DENI03403000SEC5658\combined_cluster_sfh_reference_mfh_k01\centralized\res_cen_t80_cmin_co2_1.pkl
M:\04_ArchivMA\Hillen Maximilian\Veröffentlichungen\UEU\processed_bds_in_DENI03403000SEC5658\combined_cluster_sfh_reference_mfh_k01\centralized\res_cen_t80_cmin_simple_co2_1.pkl,counterpart,True,would_delete,M:\04_ArchivMA\Hillen Maximilian\Veröffentlichungen\UEU\processed_bds_in_DENI03403000SEC5658\combined_cluster_sfh_reference_mfh_k01\centralized\res_cen_t80_cmin_co2_1.pkl
M:\04_ArchivMA\Hillen Maximilian\Veröffentlichungen\UEU\processed_bds_in_DENI03403000SEC5658\combined_cluster_sfh_reference_mfh_k02\centralized\res_cen_t50_cmin_co2_1.pkl,failed,True,would_delete,M:\04_ArchivMA\Hillen Maximilian\Veröffentlichungen\UEU\processed_bds_in_DENI03403000SEC5658\combined_cluster_sfh_reference_mfh_k02\centralized\res_cen_t50_cmin_co2_1.pkl
M:\04_ArchivMA\Hillen Maximilian\Veröffentlichungen\UEU\processed_bds_in_DENI03403000SEC5658\combined_cluster_sfh_reference_mfh_k02\centralized\res_cen_t50_cmin_simple_co2_1.pkl,counterpart,True,would_delete,M:\04_ArchivMA\Hillen Maximilian\Veröffentlichungen\UEU\processed_bds_in_DENI03403000SEC5658\combined_cluster_sfh_reference_mfh_k02\centralized\res_cen_t50_cmin_co2_1.pkl
M:\04_ArchivMA\Hillen Maximilian\Veröffentlichungen\UEU\processed_bds_in_DENI03403000SEC5658\combined_cluster_sfh_reference_mfh_k02\centralized\res_cen_t80_cmin_co2_1.pkl,failed,True,would_delete,M:\04_ArchivMA\Hillen Maximilian\Veröffentlichungen\UEU\processed_bds_in_DENI03403000SEC5658\combined_cluster_sfh_reference_mfh_k02\centralized\res_cen_t80_cmin_co2_1.pkl
M:\04_ArchivMA\Hillen Maximilian\Veröffentlichungen\UEU\processed_bds_in_DENI03403000SEC5658\combined_cluster_sfh_reference_mfh_k02\centralized\res_cen_t80_cmin_simple_co2_1.pkl,counterpart,True,would_delete,M:\04_ArchivMA\Hillen Maximilian\Veröffentlichungen\UEU\processed_bds_in_DENI03403000SEC5658\combined_cluster_sfh_reference_mfh_k02\centralized\res_cen_t80_cmin_co2_1.pkl
M:\04_ArchivMA\Hillen Maximilian\Veröffentlichungen\UEU\processed_bds_in_DENI03403000SEC5658\combined_cluster_sfh_reference_mfh_k03\centralized\res_cen_t50_cmin_co2_1.pkl,failed,True,would_delete,M:\04_ArchivMA\Hillen Maximilian\Veröffentlichungen\UEU\processed_bds_in_DENI03403000SEC5658\combined_cluster_sfh_reference_mfh_k03\centralized\res_cen_t50_cmin_co2_1.pkl
M:\04_ArchivMA\Hillen Maximilian\Veröffentlichungen\UEU\processed_bds_in_DENI03403000SEC5658\combined_cluster_sfh_reference_mfh_k03\centralized\res_cen_t50_cmin_simple_co2_1.pkl,counterpart,True,would_delete,M:\04_ArchivMA\Hillen Maximilian\Veröffentlichungen\UEU\processed_bds_in_DENI03403000SEC5658\combined_cluster_sfh_reference_mfh_k03\centralized\res_cen_t50_cmin_co2_1.pkl
M:\04_ArchivMA\Hillen Maximilian\Veröffentlichungen\UEU\processed_bds_in_DENI03403000SEC5658\combined_cluster_sfh_reference_mfh_k04\centralized\res_cen_t50_cmin_co2_1.pkl,failed,True,would_delete,M:\04_ArchivMA\Hillen Maximilian\Veröffentlichungen\UEU\processed_bds_in_DENI03403000SEC5658\combined_cluster_sfh_reference_mfh_k04\centralized\res_cen_t50_cmin_co2_1.pkl
M:\04_ArchivMA\Hillen Maximilian\Veröffentlichungen\UEU\processed_bds_in_DENI03403000SEC5658\combined_cluster_sfh_reference_mfh_k04\centralized\res_cen_t50_cmin_simple_co2_1.pkl,counterpart,True,would_delete,M:\04_ArchivMA\Hillen Maximilian\Veröffentlichungen\UEU\processed_bds_in_DENI03403000SEC5658\combined_cluster_sfh_reference_mfh_k04\centralized\res_cen_t50_cmin_co2_1.pkl
M:\04_ArchivMA\Hillen Maximilian\Veröffentlichungen\UEU\processed_bds_in_DENI03403000SEC5658\combined_cluster_sfh_reference_mfh_k04\centralized\res_cen_t80_cmin_co2_1.pkl,failed,True,would_delete,M:\04_ArchivMA\Hillen Maximilian\Veröffentlichungen\UEU\processed_bds_in_DENI03403000SEC5658\combined_cluster_sfh_reference_mfh_k04\centralized\res_cen_t80_cmin_co2_1.pkl
M:\04_ArchivMA\Hillen Maximilian\Veröffentlichungen\UEU\processed_bds_in_DENI03403000SEC5658\combined_cluster_sfh_reference_mfh_k04\centralized\res_cen_t80_cmin_simple_co2_1.pkl,counterpart,True,would_delete,M:\04_ArchivMA\Hillen Maximilian\Veröffentlichungen\UEU\processed_bds_in_DENI03403000SEC5658\combined_cluster_sfh_reference_mfh_k04\centralized\res_cen_t80_cmin_co2_1.pkl
M:\04_ArchivMA\Hillen Maximilian\Veröffentlichungen\UEU\processed_bds_in_DENI03403000SEC5658\combined_cluster_sfh_reference_mfh_k05\centralized\res_cen_t50_cmin_co2_1.pkl,failed,True,would_delete,M:\04_ArchivMA\Hillen Maximilian\Veröffentlichungen\UEU\processed_bds_in_DENI03403000SEC5658\combined_cluster_sfh_reference_mfh_k05\centralized\res_cen_t50_cmin_co2_1.pkl
M:\04_ArchivMA\Hillen Maximilian\Veröffentlichungen\UEU\processed_bds_in_DENI03403000SEC5658\combined_cluster_sfh_reference_mfh_k05\centralized\res_cen_t50_cmin_simple_co2_1.pkl,counterpart,True,would_delete,M:\04_ArchivMA\Hillen Maximilian\Veröffentlichungen\UEU\processed_bds_in_DENI03403000SEC5658\combined_cluster_sfh_reference_mfh_k05\centralized\res_cen_t50_cmin_co2_1.pkl
M:\04_ArchivMA\Hillen Maximilian\Veröffentlichungen\UEU\processed_bds_in_DENI03403000SEC5658\combined_cluster_sfh_reference_mfh_k06\centralized\res_cen_t50_cmin_co2_1.pkl,failed,True,would_delete,M:\04_ArchivMA\Hillen Maximilian\Veröffentlichungen\UEU\processed_bds_in_DENI03403000SEC5658\combined_cluster_sfh_reference_mfh_k06\centralized\res_cen_t50_cmin_co2_1.pkl
M:\04_ArchivMA\Hillen Maximilian\Veröffentlichungen\UEU\processed_bds_in_DENI03403000SEC5658\combined_cluster_sfh_reference_mfh_k06\centralized\res_cen_t50_cmin_simple_co2_1.pkl,counterpart,True,would_delete,M:\04_ArchivMA\Hillen Maximilian\Veröffentlichungen\UEU\processed_bds_in_DENI03403000SEC5658\combined_cluster_sfh_reference_mfh_k06\centralized\res_cen_t50_cmin_co2_1.pkl
M:\04_ArchivMA\Hillen Maximilian\Veröffentlichungen\UEU\processed_bds_in_DENI03403000SEC5658\combined_cluster_sfh_reference_mfh_reference\centralized\res_cen_t50_cmin_co2_1.pkl,failed,True,would_delete,M:\04_ArchivMA\Hillen Maximilian\Veröffentlichungen\UEU\processed_bds_in_DENI03403000SEC5658\combined_cluster_sfh_reference_mfh_reference\centralized\res_cen_t50_cmin_co2_1.pkl
M:\04_ArchivMA\Hillen Maximilian\Veröffentlichungen\UEU\processed_bds_in_DENI03403000SEC5658\combined_cluster_sfh_reference_mfh_reference\centralized\res_cen_t50_cmin_simple_co2_1.pkl,counterpart,True,would_delete,M:\04_ArchivMA\Hillen Maximilian\Veröffentlichungen\UEU\processed_bds_in_DENI03403000SEC5658\combined_cluster_sfh_reference_mfh_reference\centralized\res_cen_t50_cmin_co2_1.pkl
